filepath,transcription,duration
/srv/scratch/chacmod/OGI/speech/scripted/05/1/ksg3o/ksg3o1z0.wav,lawyer,1.9881875
/srv/scratch/chacmod/OGI/speech/scripted/05/2/ks536/ks5368s0.wav,yellow,1.31225
/srv/scratch/chacmod/OGI/speech/scripted/01/0/ks13a/ks13a000.wav,advantage,4.1160625
/srv/scratch/chacmod/OGI/speech/scripted/07/3/ks70f/ks70f7p0.wav,temptation,3.52975
/srv/scratch/chacmod/OGI/speech/scripted/01/4/ks133/ks133400.wav,greet me with open arms,4.612
/srv/scratch/chacmod/OGI/speech/scripted/01/2/ksc3c/ksc3c5c0.wav,give keith a moment to think,6.118625
/srv/scratch/chacmod/OGI/speech/scripted/02/3/ks23l/ks23l0s0.wav,cooperate,3.1158125
/srv/scratch/chacmod/OGI/speech/scripted/05/4/ks505/ks5056j0.wav,we gathered sticks for the fire,3.5174375
/srv/scratch/chacmod/OGI/speech/scripted/05/2/ks509/ks5092z0.wav,objected,2.168625
/srv/scratch/chacmod/OGI/speech/scripted/08/1/ksj0p/ksj0p7n0.wav,tab,4.2604375
/srv/scratch/chacmod/OGI/speech/scripted/10/2/ksa3u/ksa3u2a0.wav,microwaves,2.3589375
/srv/scratch/chacmod/OGI/speech/scripted/10/2/ksa48/ksa487j0.wav,suggest,1.4975625
/srv/scratch/chacmod/OGI/speech/scripted/03/0/ks31c/ks31c440.wav,that pink marble cost me a dollar,6.5930625
/srv/scratch/chacmod/OGI/speech/scripted/03/4/kse3h/kse3h1d0.wav,female,2.12275
/srv/scratch/chacmod/OGI/speech/scripted/04/2/ks43e/ks43e1q0.wav,hopeful,1.9880000000000002
/srv/scratch/chacmod/OGI/speech/scripted/07/1/ksi14/ksi147d0.wav,stooges,1.9684375
/srv/scratch/chacmod/OGI/speech/scripted/03/4/kse4b/kse4b3g0.wav,punishment,3.0790625
/srv/scratch/chacmod/OGI/speech/scripted/00/1/ksb3h/ksb3h4j0.wav,fred didn't try the carrot juice,6.1195625
/srv/scratch/chacmod/OGI/speech/scripted/01/2/ks12z/ks12z0w0.wav,cultures,2.3120625
/srv/scratch/chacmod/OGI/speech/scripted/03/4/ks33g/ks33g470.wav,the dog is a big gentle puppy,6.1186875
/srv/scratch/chacmod/OGI/speech/scripted/07/3/ksi0r/ksi0r6z0.wav,smashed,1.9679375
/srv/scratch/chacmod/OGI/speech/scripted/03/0/ks33r/ks33r500.wav,the flood took a car down the street,6.6151875
/srv/scratch/chacmod/OGI/speech/scripted/05/4/ksg3k/ksg3k6j0.wav,we gathered sticks for the fire,3.51075
/srv/scratch/chacmod/OGI/speech/scripted/09/0/ksk17/ksk177w0.wav,thrower,1.3591875
/srv/scratch/chacmod/OGI/speech/scripted/08/2/ks83l/ks83l2f0.wav,mouths,3.115125
/srv/scratch/chacmod/OGI/speech/scripted/00/1/ksb04/ksb044r0.wav,you can save water in your bathtub,5.343875
/srv/scratch/chacmod/OGI/speech/scripted/04/4/ks406/ks4063z0.wav,five people can fit in the elevator,4.967875
/srv/scratch/chacmod/OGI/speech/scripted/03/3/ks341/ks3411w0.wav,join,2.6088125
/srv/scratch/chacmod/OGI/speech/scripted/06/0/ks634/ks6348b0.wav,updated,1.9634375
/srv/scratch/chacmod/OGI/speech/scripted/01/0/ks10f/ks10f8q0.wav,woolen,1.5880625
/srv/scratch/chacmod/OGI/speech/scripted/03/0/kse3e/kse3e540.wav,grandmother played football last year,6.1194375
/srv/scratch/chacmod/OGI/speech/scripted/01/3/ksc32/ksc321m0.wav,hawthorne,3.6104375
/srv/scratch/chacmod/OGI/speech/scripted/05/2/ksg33/ksg335v0.wav,you can see bugs light up the sky,5.364
/srv/scratch/chacmod/OGI/speech/scripted/02/4/ksd3x/ksd3x6j0.wav,we gathered sticks for the fire,4.612125
/srv/scratch/chacmod/OGI/speech/scripted/03/0/ks31a/ks31a4f0.wav,people like to sing in cairo,5.5945625
/srv/scratch/chacmod/OGI/speech/scripted/03/2/kse04/kse04070.wav,awesome,3.155875
/srv/scratch/chacmod/OGI/speech/scripted/00/5/ks00t/ks00t880.wav,unfortunate,3.590875
/srv/scratch/chacmod/OGI/speech/scripted/01/1/ks119/ks119380.wav,pathetic,2.614625
/srv/scratch/chacmod/OGI/speech/scripted/03/1/kse1f/kse1f3d0.wav,playhouse,2.6151875
/srv/scratch/chacmod/OGI/speech/scripted/07/0/ks713/ks7133c0.wav,picture,2.718875
/srv/scratch/chacmod/OGI/speech/scripted/09/2/ks933/ks9330c0.wav,bigfoot,2.7394375
/srv/scratch/chacmod/OGI/speech/scripted/01/1/ksc02/ksc021z0.wav,lawyer,2.6158125
/srv/scratch/chacmod/OGI/speech/scripted/00/5/ksb09/ksb09730.wav,soften,3.5906875
/srv/scratch/chacmod/OGI/speech/scripted/02/3/ks21d/ks21d890.wav,unroll,2.2565625
/srv/scratch/chacmod/OGI/speech/scripted/03/0/ks33r/ks33r7r0.wav,thanks,2.1129375
/srv/scratch/chacmod/OGI/speech/scripted/08/3/ksj33/ksj338o0.wav,women,1.9881875
/srv/scratch/chacmod/OGI/speech/scripted/04/1/ks40d/ks40d530.wav,the bird sang a sweet melody,6.0946875
/srv/scratch/chacmod/OGI/speech/scripted/03/0/ks31c/ks31c4h0.wav,is that girl chewing gum,5.1390625
/srv/scratch/chacmod/OGI/speech/scripted/05/0/ks52v/ks52v6w0.wav,singer,1.51275
/srv/scratch/chacmod/OGI/speech/scripted/03/2/ks349/ks349070.wav,awesome,3.1143125
/srv/scratch/chacmod/OGI/speech/scripted/06/1/ks631/ks6311z0.wav,lawyer,1.96725
/srv/scratch/chacmod/OGI/speech/scripted/05/1/ksg03/ksg037x0.wav,thursday,1.967875
/srv/scratch/chacmod/OGI/speech/scripted/08/2/ks80b/ks80b3e0.wav,playoffs,1.968375
/srv/scratch/chacmod/OGI/speech/scripted/08/1/ks80h/ks80h240.wav,loyal,2.7975625
/srv/scratch/chacmod/OGI/speech/scripted/02/1/ks245/ks2457i0.wav,subtract,2.609125
/srv/scratch/chacmod/OGI/speech/scripted/07/0/ks738/ks7387r0.wav,thanks,1.6075625
/srv/scratch/chacmod/OGI/speech/scripted/10/1/ksa3n/ksa3n380.wav,pathetic,1.9885
/srv/scratch/chacmod/OGI/speech/scripted/02/2/ksd00/ksd002f0.wav,mouths,4.0920625
/srv/scratch/chacmod/OGI/speech/scripted/05/0/ks53u/ks53u6f0.wav,we watched television during dinner,4.9834375
/srv/scratch/chacmod/OGI/speech/scripted/10/2/ksa09/ksa097j0.wav,suggest,1.5345625
/srv/scratch/chacmod/OGI/speech/scripted/02/1/ks20k/ks20k1a0.wav,explosion,2.0875
/srv/scratch/chacmod/OGI/speech/scripted/05/2/ks541/ks5415t0.wav,please offer them a dinner mint,4.61175
/srv/scratch/chacmod/OGI/speech/scripted/03/4/ks30a/ks30a3y0.wav,you didn't arrive too late,4.5994375
/srv/scratch/chacmod/OGI/speech/scripted/09/4/ks911/ks9113h0.wav,push,2.3384375
/srv/scratch/chacmod/OGI/speech/scripted/03/2/kse3f/kse3f5i0.wav,we had a birds eye view,4.6120625
/srv/scratch/chacmod/OGI/speech/scripted/05/2/ks536/ks5368d0.wav,vase,2.3586875
/srv/scratch/chacmod/OGI/speech/scripted/02/1/ks21a/ks21a330.wav,one,3.5904375
/srv/scratch/chacmod/OGI/speech/scripted/06/4/ks61m/ks61m2c0.wav,misjudged,3.1560625
/srv/scratch/chacmod/OGI/speech/scripted/04/1/ks43f/ks43f3t0.wav,screwdriver,5.116625
/srv/scratch/chacmod/OGI/speech/scripted/06/3/ks63b/ks63b260.wav,lure,1.6074375
/srv/scratch/chacmod/OGI/speech/scripted/03/2/kse19/kse19110.wav,direct,2.614375
/srv/scratch/chacmod/OGI/speech/scripted/10/2/ksa3u/ksa3u1b0.wav,faithful,2.739375
/srv/scratch/chacmod/OGI/speech/scripted/09/3/ksk14/ksk143h0.wav,push,2.3388125
/srv/scratch/chacmod/OGI/speech/scripted/03/4/kse4a/kse4a470.wav,the dog is a big gentle puppy,6.129125
/srv/scratch/chacmod/OGI/speech/scripted/05/4/ks50z/ks50z8f0.wav,vowel,1.96825
/srv/scratch/chacmod/OGI/speech/scripted/02/0/ksd3w/ksd3w190.wav,ethnic,3.6114375
/srv/scratch/chacmod/OGI/speech/scripted/02/2/ks24c/ks24c3k0.wav,red,2.1034375
/srv/scratch/chacmod/OGI/speech/scripted/04/0/ks442/ks4424h0.wav,is that girl chewing gum,3.83225
/srv/scratch/chacmod/OGI/speech/scripted/09/0/ks901/ks9010u0.wav,crenshaw,3.1666875
/srv/scratch/chacmod/OGI/speech/scripted/05/0/ksg3i/ksg3i4v0.wav,that person eats pancakes,4.98325
/srv/scratch/chacmod/OGI/speech/scripted/01/2/ks10c/ks10c110.wav,direct,2.6155625
/srv/scratch/chacmod/OGI/speech/scripted/10/4/ksa38/ksa382m0.wav,novel,2.3591875
/srv/scratch/chacmod/OGI/speech/scripted/07/0/ks72u/ks72u6w0.wav,singer,1.511125
/srv/scratch/chacmod/OGI/speech/scripted/02/1/ksd3k/ksd3k7n0.wav,tab,5.6141875
/srv/scratch/chacmod/OGI/speech/scripted/05/2/ksg0k/ksg0k3k0.wav,red,1.587875
/srv/scratch/chacmod/OGI/speech/scripted/05/4/ksg3g/ksg3g410.wav,i don't clean windows,4.2713125
/srv/scratch/chacmod/OGI/speech/scripted/04/0/ksf0b/ksf0b140.wav,easier,2.6160625
/srv/scratch/chacmod/OGI/speech/scripted/01/2/ks10v/ks10v020.wav,announce,4.5984375
/srv/scratch/chacmod/OGI/speech/scripted/03/4/kse0b/kse0b1d0.wav,female,2.0881875
/srv/scratch/chacmod/OGI/speech/scripted/03/3/kse3n/kse3n3a0.wav,payouts,2.6185
/srv/scratch/chacmod/OGI/speech/scripted/04/2/ksf41/ksf410h0.wav,bronco,2.328875
/srv/scratch/chacmod/OGI/speech/scripted/05/4/ks532/ks5328v0.wav,abnormal,2.739
/srv/scratch/chacmod/OGI/speech/scripted/05/3/ksg42/ksg42640.wav,sir have you seen my coat,3.5174375
/srv/scratch/chacmod/OGI/speech/scripted/06/3/ks60y/ks60y6p0.wav,seven,1.217
/srv/scratch/chacmod/OGI/speech/scripted/02/1/ks20z/ks20z550.wav,the herd became angry and started a stampede,8.0885625
/srv/scratch/chacmod/OGI/speech/scripted/04/4/ksf08/ksf080t0.wav,cowboys,5.148625
/srv/scratch/chacmod/OGI/speech/scripted/00/8/ks033/ks0333h0.wav,push,3.1155625
/srv/scratch/chacmod/OGI/speech/scripted/03/3/ks30p/ks30p5j0.wav,will you sing this song,5.13875
/srv/scratch/chacmod/OGI/speech/scripted/07/3/ks719/ks7190d0.wav,biology,3.15625
/srv/scratch/chacmod/OGI/speech/scripted/09/3/ks905/ks9052g0.wav,musician,1.5880625
/srv/scratch/chacmod/OGI/speech/scripted/09/2/ks904/ks9046y0.wav,slogan,1.53525
/srv/scratch/chacmod/OGI/speech/scripted/02/0/ks21e/ks21e370.wav,page,3.069375
/srv/scratch/chacmod/OGI/speech/scripted/08/4/ksj2x/ksj2x0e0.wav,birthmark,2.7393125
/srv/scratch/chacmod/OGI/speech/scripted/07/1/ksi3e/ksi3e6x0.wav,six,1.962875
/srv/scratch/chacmod/OGI/speech/scripted/08/3/ksj12/ksj127z0.wav,tourists,2.339125
/srv/scratch/chacmod/OGI/speech/scripted/01/2/ks12z/ks12z5a0.wav,i hope the airplane will get higher,6.1386875
/srv/scratch/chacmod/OGI/speech/scripted/02/0/ksd3g/ksd3g1e0.wav,five,2.113
/srv/scratch/chacmod/OGI/speech/scripted/10/3/ksa0y/ksa0y3h0.wav,push,2.338875
/srv/scratch/chacmod/OGI/speech/scripted/03/1/kse43/kse437d0.wav,stooges,2.609625
/srv/scratch/chacmod/OGI/speech/scripted/04/3/ks43l/ks43l210.wav,lethargic,1.6280000000000001
/srv/scratch/chacmod/OGI/speech/scripted/01/0/ks10y/ks10y0u0.wav,crenshaw,4.092125
/srv/scratch/chacmod/OGI/speech/scripted/03/3/kse0u/kse0u5r0.wav,her veins pop out when she is mad,6.0944375
/srv/scratch/chacmod/OGI/speech/scripted/05/1/ksg49/ksg49100.wav,digested,1.9886875
/srv/scratch/chacmod/OGI/speech/scripted/05/4/ksg46/ksg46460.wav,help me unroll the new rug,4.2020625
/srv/scratch/chacmod/OGI/speech/scripted/04/4/ksf18/ksf18450.wav,i'm good with things like that,4.2384375
/srv/scratch/chacmod/OGI/speech/scripted/03/1/kse2u/kse2u0q0.wav,cliffhanger,3.12325
/srv/scratch/chacmod/OGI/speech/scripted/03/0/kse0l/kse0l5m0.wav,they put my computer next to the books,7.5879375
/srv/scratch/chacmod/OGI/speech/scripted/01/1/ks13m/ks13m8m0.wav,wiseguy,2.1143125
/srv/scratch/chacmod/OGI/speech/scripted/03/4/ks30a/ks30a2m0.wav,novel,3.15575
/srv/scratch/chacmod/OGI/speech/scripted/10/2/ksl2t/ksl2t7o0.wav,technology,2.3281875
/srv/scratch/chacmod/OGI/speech/scripted/08/0/ksj0m/ksj0m3n0.wav,royal,1.5879375
/srv/scratch/chacmod/OGI/speech/scripted/03/3/ks341/ks3413h0.wav,push,3.122125
/srv/scratch/chacmod/OGI/speech/scripted/04/0/ks409/ks4094h0.wav,is that girl chewing gum,3.87725
/srv/scratch/chacmod/OGI/speech/scripted/01/4/ksc3e/ksc3e2m0.wav,novel,3.114
/srv/scratch/chacmod/OGI/speech/scripted/06/4/ks614/ks6141d0.wav,female,1.5875625
/srv/scratch/chacmod/OGI/speech/scripted/03/2/ks330/ks3305q0.wav,will beets stain my pants,5.117125
/srv/scratch/chacmod/OGI/speech/scripted/06/3/ks63b/ks63b170.wav,endure,2.73925
/srv/scratch/chacmod/OGI/speech/scripted/05/2/ks541/ks5417o0.wav,technology,2.35925
/srv/scratch/chacmod/OGI/speech/scripted/10/3/ksa35/ksa353q0.wav,scallywag,2.358875
/srv/scratch/chacmod/OGI/speech/scripted/10/3/ksa3e/ksa3e1w0.wav,join,1.98825
/srv/scratch/chacmod/OGI/speech/scripted/04/1/ks40d/ks40d4w0.wav,doug thinks he will win the race,6.09525
/srv/scratch/chacmod/OGI/speech/scripted/01/4/ks10k/ks10k3m0.wav,rock,3.590625
/srv/scratch/chacmod/OGI/speech/scripted/01/3/ks12w/ks12w7f0.wav,studio,3.6098125
/srv/scratch/chacmod/OGI/speech/scripted/06/4/ksh0l/ksh0l0j0.wav,cautiously,1.9683125
/srv/scratch/chacmod/OGI/speech/scripted/10/4/ksa3c/ksa3c760.wav,spoons,2.359
/srv/scratch/chacmod/OGI/speech/scripted/03/3/kse3y/kse3y6p0.wav,seven,1.6076875
/srv/scratch/chacmod/OGI/speech/scripted/06/0/ksh3x/ksh3x7c0.wav,stepfather,1.988375
/srv/scratch/chacmod/OGI/speech/scripted/01/0/ks10a/ks10a280.wav,mcdonald,4.0961875
/srv/scratch/chacmod/OGI/speech/scripted/09/3/ks90p/ks90p1m0.wav,hawthorne,2.7963125
/srv/scratch/chacmod/OGI/speech/scripted/08/3/ksj0u/ksj0u3f0.wav,points,1.587375
/srv/scratch/chacmod/OGI/speech/scripted/04/3/ksf2z/ksf2z7z0.wav,tourists,2.3284375
/srv/scratch/chacmod/OGI/speech/scripted/04/0/ksf0c/ksf0c4i0.wav,bill has purple glasses,3.84
/srv/scratch/chacmod/OGI/speech/scripted/04/1/ks43s/ks43s6s0.wav,shirt,3.61075
/srv/scratch/chacmod/OGI/speech/scripted/10/4/ksa3c/ksa3c800.wav,town,1.9883125
/srv/scratch/chacmod/OGI/speech/scripted/02/2/ks21h/ks21h340.wav,organizations,4.608375
/srv/scratch/chacmod/OGI/speech/scripted/07/1/ks71d/ks71d0g0.wav,breath,2.3384375
/srv/scratch/chacmod/OGI/speech/scripted/03/2/kse3i/kse3i5e0.wav,will you please bathe,5.6140625
/srv/scratch/chacmod/OGI/speech/scripted/02/4/ks20o/ks20o8k0.wav,weatherproof,3.15775
/srv/scratch/chacmod/OGI/speech/scripted/01/1/ks10e/ks10e8m0.wav,wiseguy,2.087875
/srv/scratch/chacmod/OGI/speech/scripted/03/0/ks314/ks3144e0.wav,jason likes playing with garfield,6.094625
/srv/scratch/chacmod/OGI/speech/scripted/03/4/kse06/kse06310.wav,obvious,2.6149375
/srv/scratch/chacmod/OGI/speech/scripted/06/3/ksh0a/ksh0a120.wav,disrupt,3.51775
/srv/scratch/chacmod/OGI/speech/scripted/05/0/ksg34/ksg341y0.wav,kingpin,3.1160625
/srv/scratch/chacmod/OGI/speech/scripted/02/0/ks21k/ks21k370.wav,page,3.0694375
/srv/scratch/chacmod/OGI/speech/scripted/03/3/ks30n/ks30n1w0.wav,join,2.616
/srv/scratch/chacmod/OGI/speech/scripted/05/1/ks53b/ks53b4u0.wav,stewart has five friends in richmond,4.9834375
/srv/scratch/chacmod/OGI/speech/scripted/00/0/ks03g/ks03g500.wav,the flood took a car down the street,6.606125
/srv/scratch/chacmod/OGI/speech/scripted/10/3/ksl1c/ksl1c1h0.wav,fragment,2.338875
/srv/scratch/chacmod/OGI/speech/scripted/08/3/ks83s/ks83s7u0.wav,three,2.359125
/srv/scratch/chacmod/OGI/speech/scripted/03/4/ks33c/ks33c2m0.wav,novel,3.1244375
/srv/scratch/chacmod/OGI/speech/scripted/03/2/kse3z/kse3z2t0.wav,one nine seven four three five four,8.1320625
/srv/scratch/chacmod/OGI/speech/scripted/07/1/ksi3e/ksi3e1k0.wav,handshake,3.0786875
/srv/scratch/chacmod/OGI/speech/scripted/02/1/ks21a/ks21a4s0.wav,who will the soldier vote for,6.095375
/srv/scratch/chacmod/OGI/speech/scripted/08/4/ks83q/ks83q3r0.wav,school,1.6364375
/srv/scratch/chacmod/OGI/speech/scripted/09/4/ks907/ks907310.wav,obvious,1.968375
/srv/scratch/chacmod/OGI/speech/scripted/10/1/ksl0v/ksl0v7i0.wav,subtract,1.9680000000000002
/srv/scratch/chacmod/OGI/speech/scripted/04/0/ksf30/ksf300f0.wav,boomerang,2.608875
/srv/scratch/chacmod/OGI/speech/scripted/01/4/ks137/ks137500.wav,the flood took a car down the street,6.6160000000000005
/srv/scratch/chacmod/OGI/speech/scripted/09/4/ks949/ks949130.wav,earthquake,1.9885625
/srv/scratch/chacmod/OGI/speech/scripted/09/3/ksk3e/ksk3e7z0.wav,tourists,2.3591875
/srv/scratch/chacmod/OGI/speech/scripted/05/4/ks50x/ks50x130.wav,earthquake,1.9680000000000002
/srv/scratch/chacmod/OGI/speech/scripted/10/2/ksa09/ksa09390.wav,pathfinder,1.5873125
/srv/scratch/chacmod/OGI/speech/scripted/05/4/ksg10/ksg107v0.wav,throughout,1.587875
/srv/scratch/chacmod/OGI/speech/scripted/02/0/ks247/ks2474e0.wav,jason likes playing with garfield,6.1198125
/srv/scratch/chacmod/OGI/speech/scripted/00/6/ksb0a/ksb0a0d0.wav,biology,4.0914375
/srv/scratch/chacmod/OGI/speech/scripted/03/2/ks349/ks349730.wav,soften,3.6104375
/srv/scratch/chacmod/OGI/speech/scripted/05/2/ksg3a/ksg3a500.wav,the flood took a car down the street,4.982875
/srv/scratch/chacmod/OGI/speech/scripted/00/8/ks00f/ks00f6o0.wav,someone bought a beautiful ring for you,7.6631875
/srv/scratch/chacmod/OGI/speech/scripted/02/3/ksd0t/ksd0t6z0.wav,smashed,2.6151875
/srv/scratch/chacmod/OGI/speech/scripted/02/1/ks20j/ks20j4r0.wav,you can save water in your bathtub,7.122125
/srv/scratch/chacmod/OGI/speech/scripted/05/1/ks53b/ks53b550.wav,the herd became angry and started a stampede,6.1185
/srv/scratch/chacmod/OGI/speech/scripted/03/1/kse1f/kse1f0q0.wav,cliffhanger,3.1565625
/srv/scratch/chacmod/OGI/speech/scripted/09/1/ksk1b/ksk1b1u0.wav,imagery,2.3391875
/srv/scratch/chacmod/OGI/speech/scripted/03/4/ks313/ks313500.wav,the flood took a car down the street,6.6018125
/srv/scratch/chacmod/OGI/speech/scripted/03/3/kse3n/kse3n1c0.wav,fancy,2.1134375
/srv/scratch/chacmod/OGI/speech/scripted/03/1/ks31m/ks31m380.wav,pathetic,2.615125
/srv/scratch/chacmod/OGI/speech/scripted/00/4/ks006/ks0061l0.wav,hardship,3.1553125
/srv/scratch/chacmod/OGI/speech/scripted/05/1/ksg3n/ksg3n2s0.wav,nine nine six nine six one zero,6.9204375
/srv/scratch/chacmod/OGI/speech/scripted/05/2/ks536/ks5366e0.wav,the rain chased the dirt down the drain,4.3176875
/srv/scratch/chacmod/OGI/speech/scripted/01/2/ks12z/ks12z1g0.wav,four,2.1114375
/srv/scratch/chacmod/OGI/speech/scripted/02/0/ksd0s/ksd0s4l0.wav,silver robot toys are the best,7.13275
/srv/scratch/chacmod/OGI/speech/scripted/09/1/ks90r/ks90r7i0.wav,subtract,1.968125
/srv/scratch/chacmod/OGI/speech/scripted/09/2/ks904/ks9040w0.wav,cultures,1.715625
/srv/scratch/chacmod/OGI/speech/scripted/08/4/ks819/ks8191i0.wav,growl,1.2171875
/srv/scratch/chacmod/OGI/speech/scripted/08/4/ks82u/ks82u1x0.wav,jurors,1.9880625
/srv/scratch/chacmod/OGI/speech/scripted/01/1/ksc0m/ksc0m500.wav,the flood took a car down the street,6.6003125
/srv/scratch/chacmod/OGI/speech/scripted/00/4/ksb3s/ksb3s0w0.wav,cultures,2.31325
/srv/scratch/chacmod/OGI/speech/scripted/01/3/ks13i/ks13i2g0.wav,musician,2.1125
/srv/scratch/chacmod/OGI/speech/scripted/08/4/ks80q/ks80q1s0.wav,humor,1.588
/srv/scratch/chacmod/OGI/speech/scripted/02/1/ks240/ks2405j0.wav,will you sing this song,5.136375
/srv/scratch/chacmod/OGI/speech/scripted/05/2/ks511/ks5111v0.wav,interrupt,2.3389375
/srv/scratch/chacmod/OGI/speech/scripted/05/3/ksg08/ksg087k0.wav,super,2.71975
/srv/scratch/chacmod/OGI/speech/scripted/06/1/ks63f/ks63f1u0.wav,imagery,2.359
/srv/scratch/chacmod/OGI/speech/scripted/02/1/ksd4b/ksd4b510.wav,it can only be a good circus with elephants,7.120625
/srv/scratch/chacmod/OGI/speech/scripted/01/1/ks13m/ks13m2j0.wav,nine,4.11725
/srv/scratch/chacmod/OGI/speech/scripted/05/3/ksg14/ksg14170.wav,endure,2.7969999999999997
/srv/scratch/chacmod/OGI/speech/scripted/02/2/ks231/ks2312z0.wav,objected,2.9146875
/srv/scratch/chacmod/OGI/speech/scripted/08/1/ks834/ks834760.wav,spoons,2.3583125
/srv/scratch/chacmod/OGI/speech/scripted/04/3/ks400/ks400030.wav,archrival,4.0918125
/srv/scratch/chacmod/OGI/speech/scripted/06/3/ksh0m/ksh0m080.wav,background,3.1551875
/srv/scratch/chacmod/OGI/speech/scripted/05/4/ksg10/ksg106j0.wav,we gathered sticks for the fire,3.5180000000000002
/srv/scratch/chacmod/OGI/speech/scripted/06/4/ks614/ks614360.wav,overreaction,2.338875
/srv/scratch/chacmod/OGI/speech/scripted/04/2/ksf0p/ksf0p5i0.wav,we had a birds eye view,3.52925
/srv/scratch/chacmod/OGI/speech/scripted/00/1/ksb04/ksb043t0.wav,screwdriver,3.877375
/srv/scratch/chacmod/OGI/speech/scripted/05/2/ksg0k/ksg0k3p0.wav,safeway,1.587875
/srv/scratch/chacmod/OGI/speech/scripted/05/1/ks50b/ks50b1a0.wav,explosion,1.5879375
/srv/scratch/chacmod/OGI/speech/scripted/01/1/ks10e/ks10e4s0.wav,who will the soldier vote for,6.0949375
/srv/scratch/chacmod/OGI/speech/scripted/06/2/ks637/ks637790.wav,starve,1.607875
/srv/scratch/chacmod/OGI/speech/scripted/02/4/ksd0x/ksd0x090.wav,bathe,4.0920625
/srv/scratch/chacmod/OGI/speech/scripted/05/0/ksg0f/ksg0f4j0.wav,fred didn't try the carrot juice,4.6005625
/srv/scratch/chacmod/OGI/speech/scripted/02/0/ksd0l/ksd0l1e0.wav,five,2.0883125
/srv/scratch/chacmod/OGI/speech/scripted/09/4/ks93l/ks93l040.wav,aspire,2.7396875
/srv/scratch/chacmod/OGI/speech/scripted/04/3/ks400/ks4007p0.wav,temptation,4.5996875
/srv/scratch/chacmod/OGI/speech/scripted/07/4/ksi3r/ksi3r3g0.wav,punishment,2.3586875
/srv/scratch/chacmod/OGI/speech/scripted/09/1/ks91c/ks91c2y0.wav,oasis,2.338875
/srv/scratch/chacmod/OGI/speech/scripted/02/3/ks23t/ks23t5r0.wav,her veins pop out when she is mad,6.1194375
/srv/scratch/chacmod/OGI/speech/scripted/01/1/ks115/ks1151u0.wav,imagery,3.1575625
/srv/scratch/chacmod/OGI/speech/scripted/09/2/ksk3d/ksk3d8n0.wav,withdrawn,1.9885
/srv/scratch/chacmod/OGI/speech/scripted/04/3/ksf0w/ksf0w3f0.wav,points,2.088125
/srv/scratch/chacmod/OGI/speech/scripted/06/0/ksh48/ksh480f0.wav,boomerang,1.98825
/srv/scratch/chacmod/OGI/speech/scripted/03/0/kse0l/kse0l540.wav,grandmother played football last year,6.0945
/srv/scratch/chacmod/OGI/speech/scripted/04/2/ks440/ks4402a0.wav,microwaves,3.113875
/srv/scratch/chacmod/OGI/speech/scripted/08/2/ksj3d/ksj3d6y0.wav,slogan,1.5479375
/srv/scratch/chacmod/OGI/speech/scripted/09/1/ks93h/ks93h8c0.wav,upward,1.606625
/srv/scratch/chacmod/OGI/speech/scripted/00/4/ks006/ks006160.wav,employees,4.091625
/srv/scratch/chacmod/OGI/speech/scripted/01/1/ks136/ks136380.wav,pathetic,2.705
/srv/scratch/chacmod/OGI/speech/scripted/00/0/ksb3f/ksb3f1y0.wav,kingpin,4.1160000000000005
/srv/scratch/chacmod/OGI/speech/scripted/08/1/ks83a/ks83a3t0.wav,screwdriver,3.9009375
/srv/scratch/chacmod/OGI/speech/scripted/04/3/ksf3b/ksf3b0s0.wav,cooperate,3.1155625
/srv/scratch/chacmod/OGI/speech/scripted/09/1/ks90g/ks90g010.wav,allowing,2.7955625
/srv/scratch/chacmod/OGI/speech/scripted/06/1/ksh1b/ksh1b240.wav,loyal,2.795875
/srv/scratch/chacmod/OGI/speech/scripted/08/2/ks818/ks8182f0.wav,mouths,3.156125
/srv/scratch/chacmod/OGI/speech/scripted/09/4/ks90b/ks90b130.wav,earthquake,1.9686875
/srv/scratch/chacmod/OGI/speech/scripted/03/1/ks31n/ks31n290.wav,meaningless,3.59125
/srv/scratch/chacmod/OGI/speech/scripted/02/0/ksd0s/ksd0s3v0.wav,the young emperor could not spell,6.1053125
/srv/scratch/chacmod/OGI/speech/scripted/08/1/ksj0j/ksj0j2j0.wav,nine,3.1559375
/srv/scratch/chacmod/OGI/speech/scripted/02/0/ksd3z/ksd3z7c0.wav,stepfather,2.6095625
/srv/scratch/chacmod/OGI/speech/scripted/08/0/ksj01/ksj012d0.wav,mohawk,2.339
/srv/scratch/chacmod/OGI/speech/scripted/05/3/ksg42/ksg423h0.wav,push,2.359375
/srv/scratch/chacmod/OGI/speech/scripted/01/1/ks115/ks115290.wav,meaningless,3.591125
/srv/scratch/chacmod/OGI/speech/scripted/03/2/kse3i/kse3i340.wav,organizations,4.61275
/srv/scratch/chacmod/OGI/speech/scripted/05/4/ksg3f/ksg3f7q0.wav,ten,1.9885
/srv/scratch/chacmod/OGI/speech/scripted/03/3/ks341/ks341350.wav,overalls,2.609125
/srv/scratch/chacmod/OGI/speech/scripted/03/2/ks337/ks3375t0.wav,please offer them a dinner mint,6.1189375
/srv/scratch/chacmod/OGI/speech/scripted/02/2/ks21b/ks21b7o0.wav,technology,3.1564375
/srv/scratch/chacmod/OGI/speech/scripted/02/1/ksd0f/ksd0f1a0.wav,explosion,2.0876875
/srv/scratch/chacmod/OGI/speech/scripted/02/1/ks20j/ks20j8r0.wav,yankee,2.614375
/srv/scratch/chacmod/OGI/speech/scripted/01/1/ksc39/ksc395j0.wav,will you sing this song,5.1130625
/srv/scratch/chacmod/OGI/speech/scripted/09/2/ks93t/ks93t2f0.wav,mouths,3.1138125
/srv/scratch/chacmod/OGI/speech/scripted/04/4/ks406/ks4062c0.wav,misjudged,3.1555625
/srv/scratch/chacmod/OGI/speech/scripted/02/0/ks21e/ks21e6r0.wav,sheepdog,5.1395
/srv/scratch/chacmod/OGI/speech/scripted/08/3/ks80e/ks80e8t0.wav,yields,1.9688125
/srv/scratch/chacmod/OGI/speech/scripted/09/3/ks93i/ks93i1w0.wav,join,1.988375
/srv/scratch/chacmod/OGI/speech/scripted/10/3/ksa3v/ksa3v6p0.wav,seven,1.3126875
/srv/scratch/chacmod/OGI/speech/scripted/09/3/ks93i/ks93i8j0.wav,wavelet,3.5150625
/srv/scratch/chacmod/OGI/speech/scripted/07/3/ksi0m/ksi0m170.wav,endure,2.7968125
/srv/scratch/chacmod/OGI/speech/scripted/00/0/ks001/ks0015d0.wav,mabel grows tomatoes in the courtyard,5.593875
/srv/scratch/chacmod/OGI/speech/scripted/08/2/ks83l/ks83l790.wav,starve,1.607875
/srv/scratch/chacmod/OGI/speech/scripted/02/0/ks21k/ks21k5d0.wav,mabel grows tomatoes in the courtyard,5.5941875
/srv/scratch/chacmod/OGI/speech/scripted/03/4/kse0b/kse0b3r0.wav,school,2.08875
/srv/scratch/chacmod/OGI/speech/scripted/04/2/ks40z/ks40z1l0.wav,hardship,2.3493125
/srv/scratch/chacmod/OGI/speech/scripted/09/2/ks93t/ks93t8n0.wav,withdrawn,1.9881875
/srv/scratch/chacmod/OGI/speech/scripted/00/4/ks016/ks0165k0.wav,buying the ring took all of my money,6.5923125
/srv/scratch/chacmod/OGI/speech/scripted/04/1/ksf16/ksf164s0.wav,who will the soldier vote for,6.094625
/srv/scratch/chacmod/OGI/speech/scripted/03/1/kse2u/kse2u4p0.wav,the angry chef cooked his vegetables,6.1196875
/srv/scratch/chacmod/OGI/speech/scripted/07/1/ksi0s/ksi0s150.wav,eight,2.7966875
/srv/scratch/chacmod/OGI/speech/scripted/06/4/ksh3w/ksh3w760.wav,spoons,2.359375
/srv/scratch/chacmod/OGI/speech/scripted/06/4/ksh3t/ksh3t180.wav,engrave,1.9881875
/srv/scratch/chacmod/OGI/speech/scripted/03/0/kse3e/kse3e2o0.wav,one zero zero three zero seven eight,6.615625
/srv/scratch/chacmod/OGI/speech/scripted/09/1/ksk0u/ksk0u1u0.wav,imagery,2.3385
/srv/scratch/chacmod/OGI/speech/scripted/01/1/ks119/ks119580.wav,his car thundered down the road,5.5938125
/srv/scratch/chacmod/OGI/speech/scripted/04/2/ks43m/ks43m8n0.wav,withdrawn,2.608875
/srv/scratch/chacmod/OGI/speech/scripted/09/3/ks905/ks905080.wav,background,3.1663125
/srv/scratch/chacmod/OGI/speech/scripted/05/2/ksg0k/ksg0k8s0.wav,yellow,1.2171875
/srv/scratch/chacmod/OGI/speech/scripted/07/0/ks738/ks7388q0.wav,woolen,1.3119999999999998
/srv/scratch/chacmod/OGI/speech/scripted/05/4/ksg3k/ksg3k8f0.wav,vowel,1.96725
/srv/scratch/chacmod/OGI/speech/scripted/00/1/ksb3h/ksb3h4l0.wav,silver robot toys are the best,7.1209375
/srv/scratch/chacmod/OGI/speech/scripted/02/4/ks23v/ks23v6k0.wav,santa deemed rudolph the leader,6.6161875
/srv/scratch/chacmod/OGI/speech/scripted/06/4/ksh0r/ksh0r800.wav,town,1.968125
/srv/scratch/chacmod/OGI/speech/scripted/05/3/ks53y/ks53y260.wav,lure,1.6074375
/srv/scratch/chacmod/OGI/speech/scripted/10/2/ksa13/ksa131l0.wav,hardship,2.3380625
/srv/scratch/chacmod/OGI/speech/scripted/05/0/ks53u/ks53u6r0.wav,sheepdog,3.9146875
/srv/scratch/chacmod/OGI/speech/scripted/04/4/ksf0x/ksf0x180.wav,engrave,2.615
/srv/scratch/chacmod/OGI/speech/scripted/04/2/ksf0t/ksf0t390.wav,pathfinder,1.587125
/srv/scratch/chacmod/OGI/speech/scripted/05/4/ksg3k/ksg3k2x0.wav,one eight one seven six four three,6.085125
/srv/scratch/chacmod/OGI/speech/scripted/09/1/ks93o/ks93o1z0.wav,lawyer,1.9633125
/srv/scratch/chacmod/OGI/speech/scripted/07/2/ksi05/ksi058n0.wav,withdrawn,1.9666875
/srv/scratch/chacmod/OGI/speech/scripted/05/4/ksg3l/ksg3l3x0.wav,we've had a wonderful night,3.515375
/srv/scratch/chacmod/OGI/speech/scripted/03/1/kse09/kse090b0.wav,beyond,3.1558125
/srv/scratch/chacmod/OGI/speech/scripted/00/7/ksb3n/ksb3n6d0.wav,the flea chased the dog,3.610625
/srv/scratch/chacmod/OGI/speech/scripted/02/2/ks21h/ks21h2t0.wav,one nine seven four three five four,8.088
/srv/scratch/chacmod/OGI/speech/scripted/02/3/ks20g/ks20g8o0.wav,women,2.6151875
/srv/scratch/chacmod/OGI/speech/scripted/07/4/ksi3i/ksi3i1x0.wav,jurors,1.9881875
/srv/scratch/chacmod/OGI/speech/scripted/10/2/ksa13/ksa137t0.wav,thousand,2.72
/srv/scratch/chacmod/OGI/speech/scripted/03/0/ks30f/ks30f6r0.wav,sheepdog,5.1396875
/srv/scratch/chacmod/OGI/speech/scripted/10/2/ksa05/ksa053k0.wav,red,1.5878125
/srv/scratch/chacmod/OGI/speech/scripted/00/8/ksb0p/ksb0p3z0.wav,five people can fit in the elevator,6.6124375
/srv/scratch/chacmod/OGI/speech/scripted/10/2/ksl17/ksl178s0.wav,yellow,1.2169375
/srv/scratch/chacmod/OGI/speech/scripted/09/1/ks90g/ks90g3j0.wav,real,1.587875
/srv/scratch/chacmod/OGI/speech/scripted/03/2/kse3i/kse3i2k0.wav,normal,3.115
/srv/scratch/chacmod/OGI/speech/scripted/01/4/ks10w/ks10w130.wav,earthquake,2.61525
/srv/scratch/chacmod/OGI/speech/scripted/07/3/ksi04/ksi048o0.wav,women,2.00275
/srv/scratch/chacmod/OGI/speech/scripted/08/2/ks817/ks8171b0.wav,faithful,2.72
/srv/scratch/chacmod/OGI/speech/scripted/04/4/ksf08/ksf08270.wav,mature,2.6150625
/srv/scratch/chacmod/OGI/speech/scripted/06/3/ks61k/ks61k3l0.wav,represents,2.3379375
/srv/scratch/chacmod/OGI/speech/scripted/10/1/ksl1b/ksl1b870.wav,underneath,2.338875
/srv/scratch/chacmod/OGI/speech/scripted/01/0/ks13p/ks13p770.wav,springhill,2.608875
/srv/scratch/chacmod/OGI/speech/scripted/07/4/ksi0w/ksi0w270.wav,mature,1.9684375
/srv/scratch/chacmod/OGI/speech/scripted/04/0/ks409/ks4091o0.wav,homemaking,2.338875
/srv/scratch/chacmod/OGI/speech/scripted/00/1/ksb3k/ksb3k6s0.wav,shirt,2.709625
/srv/scratch/chacmod/OGI/speech/scripted/09/4/ksk0v/ksk0v6q0.wav,shades,1.4075
/srv/scratch/chacmod/OGI/speech/scripted/00/3/ksb2w/ksb2w500.wav,the flood took a car down the street,4.9825625
/srv/scratch/chacmod/OGI/speech/scripted/02/1/ksd3s/ksd3s1k0.wav,handshake,4.11575
/srv/scratch/chacmod/OGI/speech/scripted/08/4/ksj2x/ksj2x700.wav,smoke,2.5140000000000002
/srv/scratch/chacmod/OGI/speech/scripted/00/1/ksb0z/ksb0z500.wav,the flood took a car down the street,6.5921875
/srv/scratch/chacmod/OGI/speech/scripted/05/2/ksg3e/ksg3e1l0.wav,hardship,2.329
/srv/scratch/chacmod/OGI/speech/scripted/09/4/ks90d/ks90d270.wav,mature,1.9684375
/srv/scratch/chacmod/OGI/speech/scripted/06/3/ks61f/ks61f300.wav,obstacle,1.5878125
/srv/scratch/chacmod/OGI/speech/scripted/04/2/ksf41/ksf413h0.wav,push,2.3285625
/srv/scratch/chacmod/OGI/speech/scripted/02/0/ksd1j/ksd1j8l0.wav,white,2.0880625
/srv/scratch/chacmod/OGI/speech/scripted/02/1/ks20u/ks20u0v0.wav,cross,4.09225
/srv/scratch/chacmod/OGI/speech/scripted/02/0/ksd3z/ksd3z4e0.wav,jason likes playing with garfield,6.1186875
/srv/scratch/chacmod/OGI/speech/scripted/02/0/ksd3g/ksd3g6w0.wav,singer,1.9119375
/srv/scratch/chacmod/OGI/speech/scripted/02/1/ks21a/ks21a290.wav,meaningless,3.5905625
/srv/scratch/chacmod/OGI/speech/scripted/01/3/ks104/ks1040x0.wav,dashboard,4.0920625
/srv/scratch/chacmod/OGI/speech/scripted/06/4/ksh0l/ksh0l1x0.wav,jurors,1.967875
/srv/scratch/chacmod/OGI/speech/scripted/06/0/ksh10/ksh102d0.wav,mohawk,2.3385
/srv/scratch/chacmod/OGI/speech/scripted/09/2/ks91i/ks91i3p0.wav,safeway,1.58825
/srv/scratch/chacmod/OGI/speech/scripted/03/0/kse2s/kse2s370.wav,page,3.1145625
/srv/scratch/chacmod/OGI/speech/scripted/05/4/ksg3h/ksg3h270.wav,mature,1.9885
/srv/scratch/chacmod/OGI/speech/scripted/04/2/ks405/ks4055o0.wav,are zebras just striped horses,7.5875625
/srv/scratch/chacmod/OGI/speech/scripted/03/2/ks331/ks3315l0.wav,why is the earth inside the milky way,7.120875
/srv/scratch/chacmod/OGI/speech/scripted/06/0/ksh3s/ksh3s1j0.wav,gumshoe,3.113125
/srv/scratch/chacmod/OGI/speech/scripted/01/3/ksc32/ksc32630.wav,that was an odd decision,4.1155625
/srv/scratch/chacmod/OGI/speech/scripted/07/3/ksi1c/ksi1c260.wav,lure,1.587875
/srv/scratch/chacmod/OGI/speech/scripted/00/0/ks02s/ks02s3h0.wav,push,3.1140625
/srv/scratch/chacmod/OGI/speech/scripted/03/1/kse2u/kse2u7d0.wav,stooges,2.6091875
/srv/scratch/chacmod/OGI/speech/scripted/10/1/ksa3n/ksa3n1u0.wav,imagery,2.359
/srv/scratch/chacmod/OGI/speech/scripted/03/0/kse1g/kse1g4e0.wav,jason likes playing with garfield,6.1054375
/srv/scratch/chacmod/OGI/speech/scripted/01/0/ks10i/ks10i2o0.wav,one zero zero three zero seven eight,6.5930625
/srv/scratch/chacmod/OGI/speech/scripted/05/1/ksg03/ksg034m0.wav,pay albert for the fresh water,4.2408125
/srv/scratch/chacmod/OGI/speech/scripted/01/0/ks130/ks1301t0.wav,iceberg,1.962625
/srv/scratch/chacmod/OGI/speech/scripted/10/0/ksa30/ksa30280.wav,mcdonald,3.1165625
/srv/scratch/chacmod/OGI/speech/scripted/05/4/ksg3g/ksg3g1i0.wav,growl,1.2070625
/srv/scratch/chacmod/OGI/speech/scripted/04/3/ksf03/ksf035h0.wav,she'll be ready very soon,3.877625
/srv/scratch/chacmod/OGI/speech/scripted/10/4/ksl14/ksl14040.wav,aspire,2.79625
/srv/scratch/chacmod/OGI/speech/scripted/06/1/ksh0i/ksh0i720.wav,snake,2.339
/srv/scratch/chacmod/OGI/speech/scripted/03/2/ks337/ks3376t0.wav,shock,2.113125
/srv/scratch/chacmod/OGI/speech/scripted/01/3/ks13r/ks13r760.wav,spoons,3.11325
/srv/scratch/chacmod/OGI/speech/scripted/01/0/ks13a/ks13a6w0.wav,singer,1.912125
/srv/scratch/chacmod/OGI/speech/scripted/09/4/ks907/ks907360.wav,overreaction,2.338375
/srv/scratch/chacmod/OGI/speech/scripted/01/4/ks13v/ks13v0o0.wav,circumstance,3.61075
/srv/scratch/chacmod/OGI/speech/scripted/10/2/ksl18/ksl18110.wav,direct,1.968375
/srv/scratch/chacmod/OGI/speech/scripted/05/1/ksg0h/ksg0h7d0.wav,stooges,1.9685
/srv/scratch/chacmod/OGI/speech/scripted/05/2/ks511/ks5118n0.wav,withdrawn,1.968625
/srv/scratch/chacmod/OGI/speech/scripted/04/1/ks40d/ks40d820.wav,trauma,2.094875
/srv/scratch/chacmod/OGI/speech/scripted/04/2/ksf0p/ksf0p5a0.wav,i hope the airplane will get higher,4.5995625
/srv/scratch/chacmod/OGI/speech/scripted/06/4/ks638/ks6381i0.wav,growl,1.31225
/srv/scratch/chacmod/OGI/speech/scripted/01/1/ks13m/ks13m510.wav,it can only be a good circus with elephants,7.1210625
/srv/scratch/chacmod/OGI/speech/scripted/02/0/ks21k/ks21k0u0.wav,crenshaw,4.091625
/srv/scratch/chacmod/OGI/speech/scripted/05/2/ksg0k/ksg0k3e0.wav,playoffs,1.9680625
/srv/scratch/chacmod/OGI/speech/scripted/05/0/ksg47/ksg471y0.wav,kingpin,3.148125
/srv/scratch/chacmod/OGI/speech/scripted/02/3/ksd30/ksd30600.wav,because my leg is sore i can't play,6.605375
/srv/scratch/chacmod/OGI/speech/scripted/01/3/ks13r/ks13r600.wav,because my leg is sore i can't play,6.6159375
/srv/scratch/chacmod/OGI/speech/scripted/03/3/kse0u/kse0u120.wav,disrupt,4.5989375
/srv/scratch/chacmod/OGI/speech/scripted/09/4/ks93y/ks93y1n0.wav,herbalist,2.359
/srv/scratch/chacmod/OGI/speech/scripted/09/2/ks91i/ks91i250.wav,lumberyard,2.7196875
/srv/scratch/chacmod/OGI/speech/scripted/01/3/ks12v/ks12v6c0.wav,i'm ready to go home,5.1180625
/srv/scratch/chacmod/OGI/speech/scripted/02/4/ks23v/ks23v3m0.wav,rock,3.610875
/srv/scratch/chacmod/OGI/speech/scripted/02/4/ks219/ks2198a0.wav,unwilling,3.5906875
/srv/scratch/chacmod/OGI/speech/scripted/01/2/ks117/ks1172u0.wav,four six four two nine five four,6.5958125
/srv/scratch/chacmod/OGI/speech/scripted/04/1/ksf07/ksf074x0.wav,knights don't get scared of dragons,5.343999999999999
/srv/scratch/chacmod/OGI/speech/scripted/03/2/kse04/kse04590.wav,don't think about it too much,5.5945
/srv/scratch/chacmod/OGI/speech/scripted/05/4/ks505/ks5052m0.wav,novel,2.339
/srv/scratch/chacmod/OGI/speech/scripted/02/1/ks23a/ks23a510.wav,it can only be a good circus with elephants,7.1211875
/srv/scratch/chacmod/OGI/speech/scripted/02/2/ks211/ks211200.wav,lengthen,3.59025
/srv/scratch/chacmod/OGI/speech/scripted/08/1/ksj3z/ksj3z870.wav,underneath,2.358875
/srv/scratch/chacmod/OGI/speech/scripted/03/0/ks31b/ks31b4d0.wav,chasing sally can be dangerous,6.0951875
/srv/scratch/chacmod/OGI/speech/scripted/07/1/ks73a/ks73a3o0.wav,rugby,3.1238125
/srv/scratch/chacmod/OGI/speech/scripted/05/2/ks541/ks5412f0.wav,mouths,3.114875
/srv/scratch/chacmod/OGI/speech/scripted/07/3/ksi04/ksi04210.wav,lethargic,1.5876875
/srv/scratch/chacmod/OGI/speech/scripted/01/1/ks13b/ks13b4q0.wav,edgar does not have a job,6.61525
/srv/scratch/chacmod/OGI/speech/scripted/10/4/ksa0j/ksa0j7l0.wav,surround,1.9678125
/srv/scratch/chacmod/OGI/speech/scripted/01/3/ks12w/ks12w640.wav,sir have you seen my coat,4.612125
/srv/scratch/chacmod/OGI/speech/scripted/06/0/ksh47/ksh473n0.wav,royal,1.62625
/srv/scratch/chacmod/OGI/speech/scripted/01/1/ks12y/ks12y3j0.wav,real,2.1126875
/srv/scratch/chacmod/OGI/speech/scripted/09/4/ks93l/ks93l3m0.wav,rock,2.7395625
/srv/scratch/chacmod/OGI/speech/scripted/06/2/ks60p/ks60p200.wav,lengthen,2.79725
/srv/scratch/chacmod/OGI/speech/scripted/07/4/ks72t/ks72t6q0.wav,shades,1.5119375
/srv/scratch/chacmod/OGI/speech/scripted/03/0/kse3x/kse3x2q0.wav,two eight one seven three nine two,9.1245625
/srv/scratch/chacmod/OGI/speech/scripted/03/3/ks341/ks3418o0.wav,women,2.7034375
/srv/scratch/chacmod/OGI/speech/scripted/06/1/ks63f/ks63f0l0.wav,chalk,1.9885625
/srv/scratch/chacmod/OGI/speech/scripted/06/0/ks63i/ks63i230.wav,logic,1.70275
/srv/scratch/chacmod/OGI/speech/scripted/05/0/ksg47/ksg47660.wav,matthew has a horse from the desert,5.0215625
/srv/scratch/chacmod/OGI/speech/scripted/01/1/ks113/ks1134u0.wav,stewart has five friends in richmond,6.6010625
/srv/scratch/chacmod/OGI/speech/scripted/05/4/ks532/ks5320y0.wav,depths,2.7389375
/srv/scratch/chacmod/OGI/speech/scripted/01/1/ksc39/ksc39530.wav,the bird sang a sweet melody,6.1285625
/srv/scratch/chacmod/OGI/speech/scripted/03/4/ks32x/ks32x040.wav,aspire,3.611125
/srv/scratch/chacmod/OGI/speech/scripted/03/4/kse4b/kse4b3h0.wav,push,3.1474375
/srv/scratch/chacmod/OGI/speech/scripted/04/0/ks43g/ks43g2i0.wav,napkin,2.739625
/srv/scratch/chacmod/OGI/speech/scripted/03/4/kse0b/kse0b6l0.wav,my sleeve caught the thorny bush,7.12225
/srv/scratch/chacmod/OGI/speech/scripted/05/2/ks535/ks5350c0.wav,bigfoot,2.7395625
/srv/scratch/chacmod/OGI/speech/scripted/02/0/ks23m/ks23m370.wav,page,3.116625
/srv/scratch/chacmod/OGI/speech/scripted/05/0/ksg3i/ksg3i5j0.wav,will you sing this song,3.9165625
/srv/scratch/chacmod/OGI/speech/scripted/03/3/kse0t/kse0t210.wav,lethargic,2.0883125
/srv/scratch/chacmod/OGI/speech/scripted/02/3/ks23t/ks23t6g0.wav,my clothes are wet from the rain,5.614875
/srv/scratch/chacmod/OGI/speech/scripted/09/0/ks93v/ks93v8b0.wav,updated,1.9886875
/srv/scratch/chacmod/OGI/speech/scripted/01/0/ks13p/ks13p320.wav,offshore,2.609625
/srv/scratch/chacmod/OGI/speech/scripted/09/3/ks93i/ks93i760.wav,spoons,2.3585
/srv/scratch/chacmod/OGI/speech/scripted/05/4/ks50x/ks50x3h0.wav,push,2.3386875
/srv/scratch/chacmod/OGI/speech/scripted/04/4/ksf2u/ksf2u6v0.wav,shortchange,1.998875
/srv/scratch/chacmod/OGI/speech/scripted/00/3/ks00q/ks00q6x0.wav,six,2.625625
/srv/scratch/chacmod/OGI/speech/scripted/05/3/ks515/ks5155j0.wav,will you sing this song,3.886625
/srv/scratch/chacmod/OGI/speech/scripted/05/0/ks50c/ks50c4b0.wav,every month i eat some chocolate,5.344125
/srv/scratch/chacmod/OGI/speech/scripted/07/3/ksi3g/ksi3g350.wav,overalls,1.9971875
/srv/scratch/chacmod/OGI/speech/scripted/03/4/ks316/ks3162c0.wav,misjudged,4.0921875
/srv/scratch/chacmod/OGI/speech/scripted/04/2/ks43m/ks43m0m0.wav,chewy,3.610625
/srv/scratch/chacmod/OGI/speech/scripted/02/2/ks231/ks2313k0.wav,red,2.1111875
/srv/scratch/chacmod/OGI/speech/scripted/10/3/ksa31/ksa313q0.wav,scallywag,2.3583125
/srv/scratch/chacmod/OGI/speech/scripted/06/0/ks61g/ks61g320.wav,offshore,1.9681875
/srv/scratch/chacmod/OGI/speech/scripted/02/1/ks201/ks2011z0.wav,lawyer,2.6349375
/srv/scratch/chacmod/OGI/speech/scripted/04/2/ks43m/ks43m1l0.wav,hardship,3.11475
/srv/scratch/chacmod/OGI/speech/scripted/07/1/ksi3e/ksi3e3h0.wav,push,2.3285
/srv/scratch/chacmod/OGI/speech/scripted/07/2/ks70t/ks70t7t0.wav,thousand,2.797125
/srv/scratch/chacmod/OGI/speech/scripted/02/4/ksd15/ksd153r0.wav,school,2.097375
/srv/scratch/chacmod/OGI/speech/scripted/03/3/ks30p/ks30p650.wav,i have ice cream for you,6.09525
/srv/scratch/chacmod/OGI/speech/scripted/05/3/ks53m/ks53m1m0.wav,hawthorne,2.739375
/srv/scratch/chacmod/OGI/speech/scripted/03/1/kse44/kse440b0.wav,beyond,3.113875
/srv/scratch/chacmod/OGI/speech/scripted/03/2/kse2t/kse2t5n0.wav,i like my meat on a cold platter,7.1206875
/srv/scratch/chacmod/OGI/speech/scripted/07/0/ks730/ks7300p0.wav,civilized,2.73975
/srv/scratch/chacmod/OGI/speech/scripted/10/1/ksa0i/ksa0i8m0.wav,wiseguy,1.58825
/srv/scratch/chacmod/OGI/speech/scripted/01/0/ks13d/ks13d4i0.wav,bill has purple glasses,5.117875
/srv/scratch/chacmod/OGI/speech/scripted/04/1/ksf07/ksf074n0.wav,the briefcase is open now,4.2383125
/srv/scratch/chacmod/OGI/speech/scripted/04/0/ks415/ks4154l0.wav,silver robot toys are the best,5.3429375
/srv/scratch/chacmod/OGI/speech/scripted/02/1/ksd4b/ksd4b0g0.wav,breath,3.1143125
/srv/scratch/chacmod/OGI/speech/scripted/06/2/ks61l/ks61l760.wav,spoons,2.3388125
/srv/scratch/chacmod/OGI/speech/scripted/09/3/ks90p/ks90p3h0.wav,push,2.3381875
/srv/scratch/chacmod/OGI/speech/scripted/04/0/ks43g/ks43g8l0.wav,white,1.6076875
/srv/scratch/chacmod/OGI/speech/scripted/04/0/ksf0c/ksf0c4e0.wav,jason likes playing with garfield,4.598625
/srv/scratch/chacmod/OGI/speech/scripted/05/4/ksg0d/ksg0d7q0.wav,ten,1.96825
/srv/scratch/chacmod/OGI/speech/scripted/05/0/ksg4a/ksg4a4j0.wav,fred didn't try the carrot juice,4.58275
/srv/scratch/chacmod/OGI/speech/scripted/01/3/ksc03/ksc033a0.wav,payouts,2.615125
/srv/scratch/chacmod/OGI/speech/scripted/06/0/ks60d/ks60d2d0.wav,mohawk,2.339
/srv/scratch/chacmod/OGI/speech/scripted/00/8/ksb0n/ksb0n2h0.wav,mutual,3.5905625
/srv/scratch/chacmod/OGI/speech/scripted/01/1/ks115/ks1152e0.wav,moisture,2.615125
/srv/scratch/chacmod/OGI/speech/scripted/01/1/ks12y/ks12y510.wav,it can only be a good circus with elephants,7.1320000000000014
/srv/scratch/chacmod/OGI/speech/scripted/09/4/ks942/ks9427g0.wav,subdue,2.358625
/srv/scratch/chacmod/OGI/speech/scripted/02/1/ksd0i/ksd0i330.wav,one,3.5913125
/srv/scratch/chacmod/OGI/speech/scripted/01/4/ks10z/ks10z6l0.wav,my sleeve caught the thorny bush,7.12175
/srv/scratch/chacmod/OGI/speech/scripted/10/1/ksa36/ksa360q0.wav,cliffhanger,2.359125
/srv/scratch/chacmod/OGI/speech/scripted/09/1/ks90r/ks90r0v0.wav,cross,3.156125
/srv/scratch/chacmod/OGI/speech/scripted/00/7/ksb0l/ksb0l6g0.wav,my clothes are wet from the rain,5.593875
/srv/scratch/chacmod/OGI/speech/scripted/07/4/ksi0b/ksi0b760.wav,spoons,2.3391875
/srv/scratch/chacmod/OGI/speech/scripted/08/2/ksj44/ksj447t0.wav,thousand,2.74
/srv/scratch/chacmod/OGI/speech/scripted/07/3/ks70f/ks70f7u0.wav,three,2.339125
/srv/scratch/chacmod/OGI/speech/scripted/01/0/ks10i/ks10i3w0.wav,the illusion looked like a giraffe,6.0946875
/srv/scratch/chacmod/OGI/speech/scripted/05/2/ksg40/ksg407t0.wav,thousand,2.739625
/srv/scratch/chacmod/OGI/speech/scripted/02/2/ks20a/ks20a5b0.wav,our tent can hold six people,4.5981875
/srv/scratch/chacmod/OGI/speech/scripted/03/0/kse1g/kse1g4v0.wav,that person eats pancakes,6.601625
/srv/scratch/chacmod/OGI/speech/scripted/04/0/ks42v/ks42v3h0.wav,push,3.115625
/srv/scratch/chacmod/OGI/speech/scripted/03/0/kse2s/kse2s0k0.wav,chair,3.61025
/srv/scratch/chacmod/OGI/speech/scripted/04/1/ksf16/ksf164z0.wav,we should try to save the whales,6.595375
/srv/scratch/chacmod/OGI/speech/scripted/02/4/ksd0x/ksd0x2p0.wav,one seven eight nine one eight six,9.65675
/srv/scratch/chacmod/OGI/speech/scripted/01/0/ks13p/ks13p6f0.wav,we watched television during dinner,6.6155625
/srv/scratch/chacmod/OGI/speech/scripted/05/3/ks53d/ks53d640.wav,sir have you seen my coat,3.51575
/srv/scratch/chacmod/OGI/speech/scripted/03/4/kse0b/kse0b2h0.wav,mutual,3.5910625
/srv/scratch/chacmod/OGI/speech/scripted/04/2/ks43m/ks43m5c0.wav,give keith a moment to think,6.1186875
/srv/scratch/chacmod/OGI/speech/scripted/10/4/ksa3c/ksa3c2h0.wav,mutual,2.7393125
/srv/scratch/chacmod/OGI/speech/scripted/00/1/ksb0z/ksb0z320.wav,offshore,2.6151875
/srv/scratch/chacmod/OGI/speech/scripted/08/1/ks80h/ks80h2j0.wav,nine,3.1559375
/srv/scratch/chacmod/OGI/speech/scripted/03/2/kse19/kse198d0.wav,vase,3.1559375
/srv/scratch/chacmod/OGI/speech/scripted/10/4/ksa3j/ksa3j2h0.wav,mutual,2.739875
/srv/scratch/chacmod/OGI/speech/scripted/05/3/ksg3r/ksg3r6g0.wav,my clothes are wet from the rain,4.3165625
/srv/scratch/chacmod/OGI/speech/scripted/00/7/ksb0o/ksb0o680.wav,i'll rent an apartment tomorrow,5.1498125
/srv/scratch/chacmod/OGI/speech/scripted/09/0/ks901/ks9018l0.wav,white,1.598125
/srv/scratch/chacmod/OGI/speech/scripted/10/3/ksl0c/ksl0c080.wav,background,3.1559375
/srv/scratch/chacmod/OGI/speech/scripted/08/1/ksj0p/ksj0p8c0.wav,upward,1.58825
/srv/scratch/chacmod/OGI/speech/scripted/02/0/ks21k/ks21k0f0.wav,boomerang,2.61525
/srv/scratch/chacmod/OGI/speech/scripted/04/4/ksf3v/ksf3v8p0.wav,wonderful,1.988625
/srv/scratch/chacmod/OGI/speech/scripted/00/3/ks038/ks0388c0.wav,upward,2.1129375
/srv/scratch/chacmod/OGI/speech/scripted/01/4/ks133/ks133090.wav,bathe,4.1159375
/srv/scratch/chacmod/OGI/speech/scripted/06/1/ksh0i/ksh0i0l0.wav,chalk,1.9685625
/srv/scratch/chacmod/OGI/speech/scripted/10/0/ksa0o/ksa0o370.wav,page,2.31925
/srv/scratch/chacmod/OGI/speech/scripted/07/2/ksi0q/ksi0q3p0.wav,safeway,1.587625
/srv/scratch/chacmod/OGI/speech/scripted/06/3/ksh3l/ksh3l760.wav,spoons,2.3585625
/srv/scratch/chacmod/OGI/speech/scripted/04/4/ksf08/ksf081x0.wav,jurors,2.615625
/srv/scratch/chacmod/OGI/speech/scripted/02/1/ks20k/ks20k8r0.wav,yankee,2.614375
/srv/scratch/chacmod/OGI/speech/scripted/05/4/ks50x/ks50x6m0.wav,the stove melted the butter,4.2380625
/srv/scratch/chacmod/OGI/speech/scripted/10/0/ksa11/ksa116r0.wav,sheepdog,3.888375
/srv/scratch/chacmod/OGI/speech/scripted/09/3/ks937/ks937300.wav,obstacle,1.607125
/srv/scratch/chacmod/OGI/speech/scripted/07/2/ks707/ks707790.wav,starve,1.588
/srv/scratch/chacmod/OGI/speech/scripted/01/0/ks13p/ks13p050.wav,athlete,2.6096875
/srv/scratch/chacmod/OGI/speech/scripted/05/0/ksg3i/ksg3i7w0.wav,thrower,1.33775
/srv/scratch/chacmod/OGI/speech/scripted/05/2/ks50y/ks50y160.wav,employees,3.1561875
/srv/scratch/chacmod/OGI/speech/scripted/01/0/ksc3l/ksc3l0a0.wav,behind,4.612375
/srv/scratch/chacmod/OGI/speech/scripted/02/0/ks210/ks2106r0.wav,sheepdog,5.149375
/srv/scratch/chacmod/OGI/speech/scripted/03/2/kse19/kse193h0.wav,push,3.15575
/srv/scratch/chacmod/OGI/speech/scripted/06/4/ksh3m/ksh3m8k0.wav,weatherproof,2.3594375
/srv/scratch/chacmod/OGI/speech/scripted/02/4/ks216/ks216220.wav,lifeboats,2.6145625
/srv/scratch/chacmod/OGI/speech/scripted/01/3/ks112/ks1125j0.wav,will you sing this song,5.1386875
/srv/scratch/chacmod/OGI/speech/scripted/01/0/ks10f/ks10f3c0.wav,picture,3.5909375
/srv/scratch/chacmod/OGI/speech/scripted/08/3/ks82s/ks82s7z0.wav,tourists,2.3594375
/srv/scratch/chacmod/OGI/speech/scripted/01/1/ks106/ks106760.wav,spoons,3.1561875
/srv/scratch/chacmod/OGI/speech/scripted/06/4/ksh3r/ksh3r6q0.wav,shades,1.5119375
/srv/scratch/chacmod/OGI/speech/scripted/03/2/ks349/ks3498i0.wav,wash,2.608625
/srv/scratch/chacmod/OGI/speech/scripted/07/4/ksi0b/ksi0b1s0.wav,humor,1.5881875
/srv/scratch/chacmod/OGI/speech/scripted/05/2/ks511/ks5115a0.wav,i hope the airplane will get higher,4.598875
/srv/scratch/chacmod/OGI/speech/scripted/01/2/ksc00/ksc000h0.wav,bronco,3.156
/srv/scratch/chacmod/OGI/speech/scripted/03/1/kse1f/kse1f4z0.wav,we should try to save the whales,6.601
/srv/scratch/chacmod/OGI/speech/scripted/09/1/ks91c/ks91c6x0.wav,six,1.96775
/srv/scratch/chacmod/OGI/speech/scripted/05/4/ks53p/ks53p420.wav,the cows hay was not dry yet,4.6124375
/srv/scratch/chacmod/OGI/speech/scripted/03/0/ks30f/ks30f760.wav,spoons,3.154125
/srv/scratch/chacmod/OGI/speech/scripted/08/1/ks80g/ks80g150.wav,eight,2.79625
/srv/scratch/chacmod/OGI/speech/scripted/07/0/ks738/ks7383n0.wav,royal,1.6078125
/srv/scratch/chacmod/OGI/speech/scripted/04/0/ksf30/ksf305x0.wav,i collect stamps from vietnam,6.1178125
/srv/scratch/chacmod/OGI/speech/scripted/02/0/ksd3h/ksd3h8q0.wav,woolen,1.6079375
/srv/scratch/chacmod/OGI/speech/scripted/10/2/ksa3d/ksa3d790.wav,starve,1.7023125
/srv/scratch/chacmod/OGI/speech/scripted/04/0/ks442/ks4420a0.wav,behind,3.4989999999999997
/srv/scratch/chacmod/OGI/speech/scripted/03/0/ks31c/ks31c320.wav,offshore,2.6151875
/srv/scratch/chacmod/OGI/speech/scripted/04/0/ksf0c/ksf0c0f0.wav,boomerang,1.9681875
/srv/scratch/chacmod/OGI/speech/scripted/06/1/ks60w/ks60w8h0.wav,warmth,2.7969375
/srv/scratch/chacmod/OGI/speech/scripted/00/3/ks00q/ks00q8c0.wav,upward,2.0886875
/srv/scratch/chacmod/OGI/speech/scripted/01/1/ks119/ks1192r0.wav,two six four zero two four six,8.0881875
/srv/scratch/chacmod/OGI/speech/scripted/03/1/ks33v/ks33v290.wav,meaningless,3.611125
/srv/scratch/chacmod/OGI/speech/scripted/10/0/ksa0r/ksa0r0k0.wav,chair,2.7976875
/srv/scratch/chacmod/OGI/speech/scripted/02/0/ksd14/ksd144i0.wav,bill has purple glasses,5.150375
/srv/scratch/chacmod/OGI/speech/scripted/05/4/ks50z/ks50z8k0.wav,weatherproof,2.3391875
/srv/scratch/chacmod/OGI/speech/scripted/05/3/ksg08/ksg083l0.wav,represents,2.33925
/srv/scratch/chacmod/OGI/speech/scripted/03/4/kse0b/kse0b850.wav,twenty,2.08825
/srv/scratch/chacmod/OGI/speech/scripted/03/4/kse3h/kse3h7l0.wav,surround,2.609625
/srv/scratch/chacmod/OGI/speech/scripted/04/3/ksf3b/ksf3b8j0.wav,wavelet,4.611875
/srv/scratch/chacmod/OGI/speech/scripted/08/1/ksj2z/ksj2z100.wav,digested,1.9878125
/srv/scratch/chacmod/OGI/speech/scripted/04/1/ks40s/ks40s1f0.wav,flagpole,3.1555625
/srv/scratch/chacmod/OGI/speech/scripted/03/4/kse4b/kse4b8u0.wav,zucchini,2.5785625
/srv/scratch/chacmod/OGI/speech/scripted/02/2/ksd39/ksd391v0.wav,interrupt,2.3489375
/srv/scratch/chacmod/OGI/speech/scripted/03/1/ks31m/ks31m2j0.wav,nine,4.0916875
/srv/scratch/chacmod/OGI/speech/scripted/04/3/ks43l/ks43l300.wav,obstacle,1.6153125
/srv/scratch/chacmod/OGI/speech/scripted/08/3/ks83c/ks83c1m0.wav,hawthorne,2.7095
/srv/scratch/chacmod/OGI/speech/scripted/05/3/ks515/ks515630.wav,that was an odd decision,3.1550625
/srv/scratch/chacmod/OGI/speech/scripted/05/1/ksg49/ksg491k0.wav,handshake,3.115625
/srv/scratch/chacmod/OGI/speech/scripted/00/9/ks036/ks036460.wav,help me unroll the new rug,5.613125
/srv/scratch/chacmod/OGI/speech/scripted/01/3/ksc32/ksc32030.wav,archrival,4.115875
/srv/scratch/chacmod/OGI/speech/scripted/02/1/ks20u/ks20u720.wav,snake,3.1665625
/srv/scratch/chacmod/OGI/speech/scripted/06/3/ks63d/ks63d2b0.wav,midnight,3.113875
/srv/scratch/chacmod/OGI/speech/scripted/03/3/ks30n/ks30n2w0.wav,two four seven six three seven four,8.589375
/srv/scratch/chacmod/OGI/speech/scripted/02/3/ks23l/ks23l1h0.wav,fragment,3.1144375
/srv/scratch/chacmod/OGI/speech/scripted/03/4/kse0b/kse0b3y0.wav,you didn't arrive too late,4.599375
/srv/scratch/chacmod/OGI/speech/scripted/10/0/ksa16/ksa163c0.wav,picture,2.796875
/srv/scratch/chacmod/OGI/speech/scripted/05/3/ks53d/ks53d5w0.wav,when will we go on vacation,3.1146875
/srv/scratch/chacmod/OGI/speech/scripted/03/0/kse2v/kse2v2o0.wav,one zero zero three zero seven eight,6.6159375
/srv/scratch/chacmod/OGI/speech/scripted/02/3/ksd3d/ksd3d0i0.wav,cashflow,4.11575
/srv/scratch/chacmod/OGI/speech/scripted/03/0/ks31b/ks31b4j0.wav,fred didn't try the carrot juice,6.09475
/srv/scratch/chacmod/OGI/speech/scripted/08/0/ksj0m/ksj0m2i0.wav,napkin,2.795875
/srv/scratch/chacmod/OGI/speech/scripted/01/3/ks110/ks110620.wav,eating blueberries gives you blue hands,6.602
/srv/scratch/chacmod/OGI/speech/scripted/10/2/ksl0l/ksl0l8d0.wav,vase,2.3385625
/srv/scratch/chacmod/OGI/speech/scripted/03/4/ks348/ks348700.wav,smoke,3.315875
/srv/scratch/chacmod/OGI/speech/scripted/10/4/ksl14/ksl140y0.wav,depths,2.795625
/srv/scratch/chacmod/OGI/speech/scripted/03/3/kse3y/kse3y7f0.wav,studio,3.6105625
/srv/scratch/chacmod/OGI/speech/scripted/04/3/ksf3b/ksf3b2v0.wav,two six nine zero two two zero,8.6085
/srv/scratch/chacmod/OGI/speech/scripted/03/2/kse3i/kse3i0m0.wav,chewy,3.6105
/srv/scratch/chacmod/OGI/speech/scripted/03/2/ks338/ks3385n0.wav,i like my meat on a cold platter,7.1196875
/srv/scratch/chacmod/OGI/speech/scripted/02/0/ksd3g/ksd3g3v0.wav,the young emperor could not spell,6.1190625
/srv/scratch/chacmod/OGI/speech/scripted/00/2/ksb0m/ksb0m0q0.wav,cliffhanger,3.1565625
/srv/scratch/chacmod/OGI/speech/scripted/04/3/ks40e/ks40e5h0.wav,she'll be ready very soon,3.877125
/srv/scratch/chacmod/OGI/speech/scripted/03/2/kse19/kse191v0.wav,interrupt,3.1556875
/srv/scratch/chacmod/OGI/speech/scripted/03/1/ks33m/ks33m7i0.wav,subtract,2.70675
/srv/scratch/chacmod/OGI/speech/scripted/10/4/ksa41/ksa41180.wav,engrave,1.9881875
/srv/scratch/chacmod/OGI/speech/scripted/03/2/kse00/kse00830.wav,treasure,1.7148125
/srv/scratch/chacmod/OGI/speech/scripted/05/1/ksg49/ksg49580.wav,his car thundered down the road,4.3175625
/srv/scratch/chacmod/OGI/speech/scripted/04/3/ksf0i/ksf0i6b0.wav,search in between the couch cushions,4.9706875
/srv/scratch/chacmod/OGI/speech/scripted/04/3/ksf0i/ksf0i7a0.wav,steakhouse,1.96875
/srv/scratch/chacmod/OGI/speech/scripted/07/0/ks70a/ks70a370.wav,page,2.318875
/srv/scratch/chacmod/OGI/speech/scripted/02/3/ks23u/ks23u5w0.wav,when will we go on vacation,4.1161875
/srv/scratch/chacmod/OGI/speech/scripted/00/9/ksb35/ksb353r0.wav,school,2.113125
/srv/scratch/chacmod/OGI/speech/scripted/01/0/ks10y/ks10y1t0.wav,iceberg,2.625875
/srv/scratch/chacmod/OGI/speech/scripted/02/0/ksd42/ksd425x0.wav,i collect stamps from vietnam,6.1195625
/srv/scratch/chacmod/OGI/speech/scripted/02/0/ks23m/ks23m4j0.wav,fred didn't try the carrot juice,6.1209375
/srv/scratch/chacmod/OGI/speech/scripted/05/0/ksg34/ksg348g0.wav,wagging,1.987625
/srv/scratch/chacmod/OGI/speech/scripted/02/0/ksd17/ksd175j0.wav,will you sing this song,3.878375
/srv/scratch/chacmod/OGI/speech/scripted/04/2/ks435/ks435250.wav,lumberyard,3.61125
/srv/scratch/chacmod/OGI/speech/scripted/09/2/ks933/ks9333u0.wav,seizure,1.3869999999999998
/srv/scratch/chacmod/OGI/speech/scripted/04/0/ksf0b/ksf0b4i0.wav,bill has purple glasses,5.1393125
/srv/scratch/chacmod/OGI/speech/scripted/01/2/ksc00/ksc005n0.wav,i like my meat on a cold platter,7.121625
/srv/scratch/chacmod/OGI/speech/scripted/05/3/ksg08/ksg08500.wav,the flood took a car down the street,4.9811875
/srv/scratch/chacmod/OGI/speech/scripted/05/0/ksg34/ksg34000.wav,advantage,3.116625
/srv/scratch/chacmod/OGI/speech/scripted/07/0/ks730/ks7306w0.wav,singer,1.5123125
/srv/scratch/chacmod/OGI/speech/scripted/04/4/ks406/ks406220.wav,lifeboats,1.9684375
/srv/scratch/chacmod/OGI/speech/scripted/08/1/ksj1d/ksj1d1k0.wav,handshake,3.1663125
/srv/scratch/chacmod/OGI/speech/scripted/10/4/ksa38/ksa38700.wav,smoke,2.514375
/srv/scratch/chacmod/OGI/speech/scripted/04/3/ks40e/ks40e120.wav,disrupt,3.5166875
/srv/scratch/chacmod/OGI/speech/scripted/10/3/ksl0c/ksl0c7u0.wav,three,2.3384375
/srv/scratch/chacmod/OGI/speech/scripted/02/1/ks23a/ks23a4r0.wav,you can save water in your bathtub,7.121125
/srv/scratch/chacmod/OGI/speech/scripted/01/4/ks10z/ks10z6n0.wav,i'm sorry the dog ate your dinner,5.593375
/srv/scratch/chacmod/OGI/speech/scripted/05/4/ksg3f/ksg3f480.wav,we've just started the egg toss,4.612375
/srv/scratch/chacmod/OGI/speech/scripted/06/4/ks639/ks639800.wav,town,1.9875
/srv/scratch/chacmod/OGI/speech/scripted/06/3/ksh3l/ksh3l1h0.wav,fragment,2.359125
/srv/scratch/chacmod/OGI/speech/scripted/04/3/ks40e/ks40e3q0.wav,scallywag,2.339
/srv/scratch/chacmod/OGI/speech/scripted/01/3/ks112/ks1128e0.wav,vaulted,2.08875
/srv/scratch/chacmod/OGI/speech/scripted/03/1/ks31e/ks31e380.wav,pathetic,2.6160625
/srv/scratch/chacmod/OGI/speech/scripted/02/1/ks21a/ks21a1a0.wav,explosion,2.0883125
/srv/scratch/chacmod/OGI/speech/scripted/04/1/ksf38/ksf38060.wav,average,2.7395625
/srv/scratch/chacmod/OGI/speech/scripted/05/1/ks52s/ks52s010.wav,allowing,2.73975
/srv/scratch/chacmod/OGI/speech/scripted/01/0/ks10f/ks10f0k0.wav,chair,3.590375
/srv/scratch/chacmod/OGI/speech/scripted/06/0/ksh3s/ksh3s280.wav,mcdonald,3.114
/srv/scratch/chacmod/OGI/speech/scripted/08/3/ksj0t/ksj0t2b0.wav,midnight,3.1660625
/srv/scratch/chacmod/OGI/speech/scripted/06/1/ks631/ks631290.wav,meaningless,2.7094375
/srv/scratch/chacmod/OGI/speech/scripted/10/3/ksa3e/ksa3e1h0.wav,fragment,2.3591875
/srv/scratch/chacmod/OGI/speech/scripted/07/4/ks734/ks7341d0.wav,female,1.6073125
/srv/scratch/chacmod/OGI/speech/scripted/02/1/ksd4b/ksd4b4m0.wav,pay albert for the fresh water,5.6145
/srv/scratch/chacmod/OGI/speech/scripted/03/2/ks330/ks330760.wav,spoons,3.11375
/srv/scratch/chacmod/OGI/speech/scripted/04/1/ksf3a/ksf3a580.wav,his car thundered down the road,4.31725
/srv/scratch/chacmod/OGI/speech/scripted/01/1/ks10e/ks10e4n0.wav,the briefcase is open now,5.594125
/srv/scratch/chacmod/OGI/speech/scripted/02/2/ksd39/ksd398i0.wav,wash,1.9879375
/srv/scratch/chacmod/OGI/speech/scripted/04/1/ksf3w/ksf3w1a0.wav,explosion,2.11275
/srv/scratch/chacmod/OGI/speech/scripted/02/4/ksd3q/ksd3q470.wav,the dog is a big gentle puppy,6.1198125
/srv/scratch/chacmod/OGI/speech/scripted/05/3/ks515/ks515350.wav,overalls,1.9679375
/srv/scratch/chacmod/OGI/speech/scripted/09/1/ks92y/ks92y820.wav,trauma,1.5979375
/srv/scratch/chacmod/OGI/speech/scripted/04/2/ks405/ks405880.wav,unfortunate,3.5905625
/srv/scratch/chacmod/OGI/speech/scripted/09/2/ksk0k/ksk0k0m0.wav,chewy,2.79675
/srv/scratch/chacmod/OGI/speech/scripted/09/4/ksk0v/ksk0v3m0.wav,rock,2.718875
/srv/scratch/chacmod/OGI/speech/scripted/05/2/ks541/ks5410h0.wav,bronco,2.3590625
/srv/scratch/chacmod/OGI/speech/scripted/05/0/ksg4a/ksg4a050.wav,athlete,1.963
/srv/scratch/chacmod/OGI/speech/scripted/06/3/ksh3p/ksh3p0s0.wav,cooperate,2.3590625
/srv/scratch/chacmod/OGI/speech/scripted/01/2/ksc3o/ksc3o390.wav,pathfinder,2.1119375
/srv/scratch/chacmod/OGI/speech/scripted/10/2/ksa42/ksa423e0.wav,playoffs,1.9880000000000002
/srv/scratch/chacmod/OGI/speech/scripted/10/4/ksa0j/ksa0j7q0.wav,ten,1.967625
/srv/scratch/chacmod/OGI/speech/scripted/03/1/kse43/kse43330.wav,one,3.6101875
/srv/scratch/chacmod/OGI/speech/scripted/03/2/kse00/kse00880.wav,unfortunate,3.5893125
/srv/scratch/chacmod/OGI/speech/scripted/10/1/ksa0i/ksa0i3o0.wav,rugby,3.0905625
/srv/scratch/chacmod/OGI/speech/scripted/10/3/ksa3g/ksa3g7u0.wav,three,2.35925
/srv/scratch/chacmod/OGI/speech/scripted/08/0/ks83k/ks83k280.wav,mcdonald,3.1180000000000003
/srv/scratch/chacmod/OGI/speech/scripted/01/3/ks12w/ks12w2g0.wav,musician,2.1130625
/srv/scratch/chacmod/OGI/speech/scripted/04/2/ks435/ks4351b0.wav,faithful,3.611375
/srv/scratch/chacmod/OGI/speech/scripted/05/0/ksg2u/ksg2u3v0.wav,the young emperor could not spell,4.612875
/srv/scratch/chacmod/OGI/speech/scripted/08/0/ks805/ks8052i0.wav,napkin,2.796125
/srv/scratch/chacmod/OGI/speech/scripted/01/2/ksc00/ksc003e0.wav,playoffs,2.6140625
/srv/scratch/chacmod/OGI/speech/scripted/00/7/ks00e/ks00e6i0.wav,the zebra entered the brush with care,6.094375
/srv/scratch/chacmod/OGI/speech/scripted/01/0/ks118/ks118660.wav,matthew has a horse from the desert,6.595625
/srv/scratch/chacmod/OGI/speech/scripted/02/1/ksd2x/ksd2x510.wav,it can only be a good circus with elephants,7.1219375
/srv/scratch/chacmod/OGI/speech/scripted/05/1/ksg3n/ksg3n760.wav,spoons,2.359
/srv/scratch/chacmod/OGI/speech/scripted/07/0/ksi3d/ksi3d280.wav,mcdonald,3.0799375
/srv/scratch/chacmod/OGI/speech/scripted/01/2/ks10v/ks10v5t0.wav,please offer them a dinner mint,6.0953125
/srv/scratch/chacmod/OGI/speech/scripted/04/1/ks419/ks4196s0.wav,shirt,2.7968125
/srv/scratch/chacmod/OGI/speech/scripted/01/1/ks106/ks106570.wav,don't make the same mistakes twice,6.60625
/srv/scratch/chacmod/OGI/speech/scripted/10/3/ksl0c/ksl0c7f0.wav,studio,2.797875
/srv/scratch/chacmod/OGI/speech/scripted/08/2/ks83f/ks83f0c0.wav,bigfoot,2.709375
/srv/scratch/chacmod/OGI/speech/scripted/04/1/ks43d/ks43d780.wav,squeegee,1.9883125
/srv/scratch/chacmod/OGI/speech/scripted/01/0/ks130/ks130770.wav,springhill,1.967375
/srv/scratch/chacmod/OGI/speech/scripted/04/4/ks43u/ks43u7l0.wav,surround,2.6090625
/srv/scratch/chacmod/OGI/speech/scripted/03/2/kse3f/kse3f730.wav,soften,3.6108125
/srv/scratch/chacmod/OGI/speech/scripted/02/0/ksd3z/ksd3z3s0.wav,scrapbook,4.1253125
/srv/scratch/chacmod/OGI/speech/scripted/09/2/ks904/ks9041l0.wav,hardship,2.33875
/srv/scratch/chacmod/OGI/speech/scripted/02/1/ks20j/ks20j240.wav,loyal,3.5909375
/srv/scratch/chacmod/OGI/speech/scripted/04/2/ksf0p/ksf0p6e0.wav,the rain chased the dirt down the drain,4.26025
/srv/scratch/chacmod/OGI/speech/scripted/03/2/kse3i/kse3i0c0.wav,bigfoot,3.6105
/srv/scratch/chacmod/OGI/speech/scripted/00/6/ksb3x/ksb3x0i0.wav,cashflow,4.1165
/srv/scratch/chacmod/OGI/speech/scripted/06/3/ksh3z/ksh3z2g0.wav,musician,1.6079375
/srv/scratch/chacmod/OGI/speech/scripted/06/4/ksh3w/ksh3w1s0.wav,humor,1.607875
/srv/scratch/chacmod/OGI/speech/scripted/05/4/ks532/ks5322h0.wav,mutual,2.7393125
/srv/scratch/chacmod/OGI/speech/scripted/09/1/ksk1b/ksk1b7s0.wav,thatch,1.5880625
/srv/scratch/chacmod/OGI/speech/scripted/00/0/ks02y/ks02y3w0.wav,the illusion looked like a giraffe,6.1185
/srv/scratch/chacmod/OGI/speech/scripted/09/0/ks93z/ks93z140.wav,easier,1.9879375
/srv/scratch/chacmod/OGI/speech/scripted/08/4/ksj2t/ksj2t2m0.wav,novel,2.359125
/srv/scratch/chacmod/OGI/speech/scripted/04/2/ks43m/ks43m5q0.wav,will beets stain my pants,5.1171875
/srv/scratch/chacmod/OGI/speech/scripted/04/2/ksf0k/ksf0k830.wav,treasure,1.71475
/srv/scratch/chacmod/OGI/speech/scripted/00/8/ksb0n/ksb0n2c0.wav,misjudged,4.0906875
/srv/scratch/chacmod/OGI/speech/scripted/10/2/ksa48/ksa483u0.wav,seizure,1.3574375
/srv/scratch/chacmod/OGI/speech/scripted/00/3/ks03b/ks03b380.wav,pathetic,2.609375
/srv/scratch/chacmod/OGI/speech/scripted/03/4/kse0b/kse0b460.wav,help me unroll the new rug,5.5944375
/srv/scratch/chacmod/OGI/speech/scripted/10/2/ksa05/ksa051b0.wav,faithful,2.7963125
/srv/scratch/chacmod/OGI/speech/scripted/07/0/ksi3l/ksi3l7m0.wav,swoop,1.6075625
/srv/scratch/chacmod/OGI/speech/scripted/10/2/ksa3d/ksa3d0h0.wav,bronco,2.358875
/srv/scratch/chacmod/OGI/speech/scripted/01/4/ksc3e/ksc3e3z0.wav,five people can fit in the elevator,6.615625
/srv/scratch/chacmod/OGI/speech/scripted/01/0/ksc0p/ksc0p1o0.wav,homemaking,3.1663125
/srv/scratch/chacmod/OGI/speech/scripted/00/2/ksb32/ksb324n0.wav,the briefcase is open now,5.614125
/srv/scratch/chacmod/OGI/speech/scripted/00/3/ks03b/ks03b720.wav,snake,3.1133125
/srv/scratch/chacmod/OGI/speech/scripted/00/9/ksb35/ksb355j0.wav,will you sing this song,5.11725
/srv/scratch/chacmod/OGI/speech/scripted/10/2/ksl0x/ksl0x340.wav,organizations,3.517125
/srv/scratch/chacmod/OGI/speech/scripted/04/1/ksf0r/ksf0r1p0.wav,hoof,2.0964375
/srv/scratch/chacmod/OGI/speech/scripted/03/2/kse2t/kse2t730.wav,soften,3.6101875
/srv/scratch/chacmod/OGI/speech/scripted/03/1/kse43/kse43100.wav,digested,2.7035
/srv/scratch/chacmod/OGI/speech/scripted/09/1/ksk0u/ksk0u240.wav,loyal,2.7969999999999997
/srv/scratch/chacmod/OGI/speech/scripted/01/2/ksc00/ksc006y0.wav,slogan,2.0755625
/srv/scratch/chacmod/OGI/speech/scripted/00/2/ks03a/ks03a4s0.wav,who will the soldier vote for,6.1218125
/srv/scratch/chacmod/OGI/speech/scripted/01/0/ks13d/ks13d3n0.wav,royal,2.1124375
/srv/scratch/chacmod/OGI/speech/scripted/00/7/ksb0l/ksb0l3a0.wav,payouts,2.613
/srv/scratch/chacmod/OGI/speech/scripted/01/3/ksc32/ksc323q0.wav,scallywag,3.1153125
/srv/scratch/chacmod/OGI/speech/scripted/05/1/ksg49/ksg498c0.wav,upward,1.6074375
/srv/scratch/chacmod/OGI/speech/scripted/04/3/ks40e/ks40e3h0.wav,push,2.338
/srv/scratch/chacmod/OGI/speech/scripted/06/3/ksh0m/ksh0m3l0.wav,represents,2.3386875
/srv/scratch/chacmod/OGI/speech/scripted/10/0/ksa34/ksa34370.wav,page,2.3148125
/srv/scratch/chacmod/OGI/speech/scripted/06/1/ks60g/ks60g3t0.wav,screwdriver,3.8775
/srv/scratch/chacmod/OGI/speech/scripted/02/2/ks21b/ks21b5k0.wav,buying the ring took all of my money,6.6028125
/srv/scratch/chacmod/OGI/speech/scripted/02/3/ksd3d/ksd3d5z0.wav,don't leave so soon,4.1149375
/srv/scratch/chacmod/OGI/speech/scripted/05/1/ks50b/ks50b550.wav,the herd became angry and started a stampede,6.0949375
/srv/scratch/chacmod/OGI/speech/scripted/09/0/ks93v/ks93v8g0.wav,wagging,1.9885625
/srv/scratch/chacmod/OGI/speech/scripted/08/0/ksj0n/ksj0n1o0.wav,homemaking,2.338875
/srv/scratch/chacmod/OGI/speech/scripted/05/3/ksg08/ksg085z0.wav,don't leave so soon,3.1560625
/srv/scratch/chacmod/OGI/speech/scripted/09/3/ks90p/ks90p170.wav,endure,2.7965625
/srv/scratch/chacmod/OGI/speech/scripted/01/2/ks12s/ks12s2z0.wav,objected,2.9136875
/srv/scratch/chacmod/OGI/speech/scripted/00/6/ksb30/ksb301h0.wav,fragment,3.114125
/srv/scratch/chacmod/OGI/speech/scripted/05/0/ks53u/ks53u3v0.wav,the young emperor could not spell,4.6119375
/srv/scratch/chacmod/OGI/speech/scripted/01/3/ks13r/ks13r0x0.wav,dashboard,4.1160625
/srv/scratch/chacmod/OGI/speech/scripted/03/1/kse39/kse394q0.wav,edgar does not have a job,6.606375
/srv/scratch/chacmod/OGI/speech/scripted/07/0/ksi3m/ksi3m6r0.wav,sheepdog,3.9166875
/srv/scratch/chacmod/OGI/speech/scripted/05/2/ks509/ks5096h0.wav,the speaker boomed from the car,3.1555625
/srv/scratch/chacmod/OGI/speech/scripted/03/2/kse00/kse00500.wav,the flood took a car down the street,6.595625
/srv/scratch/chacmod/OGI/speech/scripted/02/1/ks201/ks2011k0.wav,handshake,4.091875
/srv/scratch/chacmod/OGI/speech/scripted/04/0/ks409/ks409140.wav,easier,1.9678125
/srv/scratch/chacmod/OGI/speech/scripted/05/4/ks501/ks5011x0.wav,jurors,1.9685625
/srv/scratch/chacmod/OGI/speech/scripted/04/1/ks40s/ks40s3o0.wav,rugby,4.091875
/srv/scratch/chacmod/OGI/speech/scripted/09/3/ksk3e/ksk3e3f0.wav,points,1.607625
/srv/scratch/chacmod/OGI/speech/scripted/05/3/ks515/ks5152v0.wav,two six nine zero two two zero,6.465625
/srv/scratch/chacmod/OGI/speech/scripted/07/1/ks70e/ks70e7d0.wav,stooges,1.96775
/srv/scratch/chacmod/OGI/speech/scripted/05/4/ks532/ks5328f0.wav,vowel,1.9884375
/srv/scratch/chacmod/OGI/speech/scripted/04/2/ksf0t/ksf0t5i0.wav,we had a birds eye view,3.5203125
/srv/scratch/chacmod/OGI/speech/scripted/06/1/ks63f/ks63f2j0.wav,nine,3.1141875
/srv/scratch/chacmod/OGI/speech/scripted/02/4/ks23v/ks23v8a0.wav,unwilling,3.6115
/srv/scratch/chacmod/OGI/speech/scripted/00/9/ks02t/ks02t7l0.wav,surround,2.6091875
/srv/scratch/chacmod/OGI/speech/scripted/03/2/kse15/kse155v0.wav,you can see bugs light up the sky,7.12225
/srv/scratch/chacmod/OGI/speech/scripted/04/1/ks43s/ks43s560.wav,even your ears sweat in a sauna,6.1144375
/srv/scratch/chacmod/OGI/speech/scripted/04/4/ks43u/ks43u800.wav,town,2.6089375
/srv/scratch/chacmod/OGI/speech/scripted/10/2/ksa0u/ksa0u390.wav,pathfinder,1.587875
/srv/scratch/chacmod/OGI/speech/scripted/03/0/kse02/kse02710.wav,smoothly,2.088375
/srv/scratch/chacmod/OGI/speech/scripted/03/3/ks30n/ks30n7f0.wav,studio,3.5905
/srv/scratch/chacmod/OGI/speech/scripted/05/2/ks511/ks5115s0.wav,are you sure this is okay,4.6189375
/srv/scratch/chacmod/OGI/speech/scripted/04/0/ksf01/ksf01540.wav,grandmother played football last year,6.094875
/srv/scratch/chacmod/OGI/speech/scripted/04/2/ksf0p/ksf0p500.wav,the flood took a car down the street,4.989875
/srv/scratch/chacmod/OGI/speech/scripted/03/1/kse43/kse431f0.wav,flagpole,3.11425
/srv/scratch/chacmod/OGI/speech/scripted/10/0/ksa3q/ksa3q0p0.wav,civilized,2.7398125
/srv/scratch/chacmod/OGI/speech/scripted/01/4/ks107/ks107450.wav,i'm good with things like that,5.5936875
/srv/scratch/chacmod/OGI/speech/scripted/02/2/ks21b/ks21b200.wav,lengthen,3.6013125
/srv/scratch/chacmod/OGI/speech/scripted/03/1/ks31n/ks31n4z0.wav,we should try to save the whales,6.5851875
/srv/scratch/chacmod/OGI/speech/scripted/03/3/ks333/ks333500.wav,the flood took a car down the street,6.61625
/srv/scratch/chacmod/OGI/speech/scripted/01/2/ks10c/ks10c0m0.wav,chewy,3.5914375
/srv/scratch/chacmod/OGI/speech/scripted/05/0/ks50c/ks50c4d0.wav,chasing sally can be dangerous,4.5988125
/srv/scratch/chacmod/OGI/speech/scripted/01/4/ks13v/ks13v130.wav,earthquake,2.6090625
/srv/scratch/chacmod/OGI/speech/scripted/07/2/ksi3v/ksi3v0w0.wav,cultures,1.7180000000000002
/srv/scratch/chacmod/OGI/speech/scripted/07/0/ksi0y/ksi0y320.wav,offshore,1.9684375
/srv/scratch/chacmod/OGI/speech/scripted/00/0/ksb3e/ksb3e050.wav,athlete,2.609125
/srv/scratch/chacmod/OGI/speech/scripted/02/0/ks22v/ks22v4l0.wav,silver robot toys are the best,7.1209375
/srv/scratch/chacmod/OGI/speech/scripted/06/0/ksh48/ksh480k0.wav,chair,2.739625
/srv/scratch/chacmod/OGI/speech/scripted/03/4/kse3h/kse3h750.wav,southmost,3.1139375
/srv/scratch/chacmod/OGI/speech/scripted/02/0/ksd3z/ksd3z4f0.wav,people like to sing in cairo,5.614125
/srv/scratch/chacmod/OGI/speech/scripted/03/1/ks308/ks3081f0.wav,flagpole,3.155125
/srv/scratch/chacmod/OGI/speech/scripted/10/3/ksl01/ksl012g0.wav,musician,1.588125
/srv/scratch/chacmod/OGI/speech/scripted/10/0/ksa16/ksa16190.wav,ethnic,2.796875
/srv/scratch/chacmod/OGI/speech/scripted/02/0/ks21k/ks21k4l0.wav,silver robot toys are the best,7.1225625
/srv/scratch/chacmod/OGI/speech/scripted/00/6/ksb3x/ksb3x5y0.wav,he breathed a sigh of relief,5.614125
/srv/scratch/chacmod/OGI/speech/scripted/04/0/ks43g/ks43g4v0.wav,that person eats pancakes,4.983375
/srv/scratch/chacmod/OGI/speech/scripted/01/4/ks10g/ks10g6o0.wav,someone bought a beautiful ring for you,7.6634375
/srv/scratch/chacmod/OGI/speech/scripted/10/0/ksa16/ksa16230.wav,logic,1.5876875
/srv/scratch/chacmod/OGI/speech/scripted/08/4/ks83q/ks83q1i0.wav,growl,1.2068125
/srv/scratch/chacmod/OGI/speech/scripted/01/2/ksc3y/ksc3y2f0.wav,mouths,4.124625
/srv/scratch/chacmod/OGI/speech/scripted/09/0/ks93m/ks93m000.wav,advantage,3.1135625
/srv/scratch/chacmod/OGI/speech/scripted/06/1/ks631/ks631100.wav,digested,1.9791875
/srv/scratch/chacmod/OGI/speech/scripted/05/1/ks53b/ks53b150.wav,eight,2.7393125
/srv/scratch/chacmod/OGI/speech/scripted/01/4/ksc3e/ksc3e3y0.wav,you didn't arrive too late,4.61225
/srv/scratch/chacmod/OGI/speech/scripted/07/0/ksi16/ksi168g0.wav,wagging,1.9685
/srv/scratch/chacmod/OGI/speech/scripted/03/4/kse06/kse063z0.wav,five people can fit in the elevator,6.5955
/srv/scratch/chacmod/OGI/speech/scripted/10/3/ksl0a/ksl0a0i0.wav,cashflow,3.16875
/srv/scratch/chacmod/OGI/speech/scripted/05/0/ksg3i/ksg3i5m0.wav,they put my computer next to the books,5.7345
/srv/scratch/chacmod/OGI/speech/scripted/10/4/ksa41/ksa41310.wav,obvious,1.98825
/srv/scratch/chacmod/OGI/speech/scripted/01/3/ks13i/ks13i1r0.wav,hourly,2.6095625
/srv/scratch/chacmod/OGI/speech/scripted/05/4/ks50z/ks50z040.wav,aspire,2.7964375
/srv/scratch/chacmod/OGI/speech/scripted/10/1/ksa03/ksa038c0.wav,upward,1.58775
/srv/scratch/chacmod/OGI/speech/scripted/06/1/ks63e/ks63e2e0.wav,moisture,1.9881875
/srv/scratch/chacmod/OGI/speech/scripted/01/0/ks118/ks1185d0.wav,mabel grows tomatoes in the courtyard,5.59475
/srv/scratch/chacmod/OGI/speech/scripted/08/4/ks80v/ks80v0y0.wav,depths,2.7973125
/srv/scratch/chacmod/OGI/speech/scripted/04/0/ks409/ks4092d0.wav,mohawk,2.339
/srv/scratch/chacmod/OGI/speech/scripted/03/1/ks33v/ks33v3h0.wav,push,3.1134375
/srv/scratch/chacmod/OGI/speech/scripted/09/3/ks905/ks905840.wav,truck,2.338125
/srv/scratch/chacmod/OGI/speech/scripted/03/2/kse3i/kse3i1b0.wav,faithful,3.61075
/srv/scratch/chacmod/OGI/speech/scripted/02/3/ksd3d/ksd3d1h0.wav,fragment,3.1140625
/srv/scratch/chacmod/OGI/speech/scripted/07/3/ks70f/ks70f2l0.wav,nothing,1.9680625
/srv/scratch/chacmod/OGI/speech/scripted/09/3/ks93i/ks93i3f0.wav,points,1.7021875
/srv/scratch/chacmod/OGI/speech/scripted/10/1/ksl0v/ksl0v3t0.wav,screwdriver,3.87725
/srv/scratch/chacmod/OGI/speech/scripted/06/4/ks639/ks6391s0.wav,humor,1.6078125
/srv/scratch/chacmod/OGI/speech/scripted/10/0/ksa34/ksa340f0.wav,boomerang,1.967375
/srv/scratch/chacmod/OGI/speech/scripted/05/1/ksg2y/ksg2y5j0.wav,will you sing this song,3.9158125
/srv/scratch/chacmod/OGI/speech/scripted/04/1/ks43d/ks43d2e0.wav,moisture,1.9884375
/srv/scratch/chacmod/OGI/speech/scripted/02/2/ks21h/ks21h5c0.wav,give keith a moment to think,6.0945625
/srv/scratch/chacmod/OGI/speech/scripted/01/1/ks119/ks119500.wav,the flood took a car down the street,6.59525
/srv/scratch/chacmod/OGI/speech/scripted/06/3/ksh3p/ksh3p0d0.wav,biology,3.1144375
/srv/scratch/chacmod/OGI/speech/scripted/06/2/ksh08/ksh080m0.wav,chewy,2.7965
/srv/scratch/chacmod/OGI/speech/scripted/06/4/ks630/ks630800.wav,town,1.9884375
/srv/scratch/chacmod/OGI/speech/scripted/08/1/ks80w/ks80w2j0.wav,nine,3.156125
/srv/scratch/chacmod/OGI/speech/scripted/03/1/ks31e/ks31e580.wav,his car thundered down the road,5.593625
/srv/scratch/chacmod/OGI/speech/scripted/08/4/ks80d/ks80d6q0.wav,shades,1.4074375
/srv/scratch/chacmod/OGI/speech/scripted/01/0/ks10y/ks10y2n0.wav,nuclear,3.601375
/srv/scratch/chacmod/OGI/speech/scripted/09/2/ksk0o/ksk0o3h0.wav,push,2.3391875
/srv/scratch/chacmod/OGI/speech/scripted/01/0/ks10a/ks10a8g0.wav,wagging,2.61575
/srv/scratch/chacmod/OGI/speech/scripted/07/0/ks738/ks7383c0.wav,picture,2.7394375
/srv/scratch/chacmod/OGI/speech/scripted/01/2/ksc2x/ksc2x5a0.wav,i hope the airplane will get higher,6.1296875
/srv/scratch/chacmod/OGI/speech/scripted/06/2/ksh49/ksh492z0.wav,objected,2.1586875
/srv/scratch/chacmod/OGI/speech/scripted/10/2/ksl0x/ksl0x730.wav,soften,2.7963125
/srv/scratch/chacmod/OGI/speech/scripted/05/1/ks52s/ks52s720.wav,snake,2.35925
/srv/scratch/chacmod/OGI/speech/scripted/03/0/ks33p/ks33p4k0.wav,a feather was in the birdcage,6.0846875
/srv/scratch/chacmod/OGI/speech/scripted/01/3/ks112/ks112640.wav,sir have you seen my coat,4.5996875
/srv/scratch/chacmod/OGI/speech/scripted/01/1/ks119/ks1197n0.wav,tab,5.594375
/srv/scratch/chacmod/OGI/speech/scripted/06/4/ksh3m/ksh3m2h0.wav,mutual,2.739875
/srv/scratch/chacmod/OGI/speech/scripted/07/3/ks737/ks7373l0.wav,represents,2.3586875
/srv/scratch/chacmod/OGI/speech/scripted/01/1/ks136/ks1362y0.wav,oasis,3.1135
/srv/scratch/chacmod/OGI/speech/scripted/01/1/ksc39/ksc393j0.wav,real,2.1019375
/srv/scratch/chacmod/OGI/speech/scripted/08/4/ks80q/ks80q0o0.wav,circumstance,2.7961875
/srv/scratch/chacmod/OGI/speech/scripted/04/1/ksf17/ksf17520.wav,honey can get sticky,2.339125
/srv/scratch/chacmod/OGI/speech/scripted/07/0/ksi1e/ksi1e280.wav,mcdonald,3.1573125
/srv/scratch/chacmod/OGI/speech/scripted/07/0/ks730/ks7300k0.wav,chair,2.73925
/srv/scratch/chacmod/OGI/speech/scripted/01/3/ks12v/ks12v3q0.wav,scallywag,3.113
/srv/scratch/chacmod/OGI/speech/scripted/05/0/ksg2u/ksg2u4i0.wav,bill has purple glasses,3.9160000000000004
/srv/scratch/chacmod/OGI/speech/scripted/04/0/ks42v/ks42v4e0.wav,jason likes playing with garfield,6.1188125
/srv/scratch/chacmod/OGI/speech/scripted/02/0/ks235/ks2354i0.wav,bill has purple glasses,5.1171875
/srv/scratch/chacmod/OGI/speech/scripted/05/1/ksg49/ksg493j0.wav,real,1.6078125
/srv/scratch/chacmod/OGI/speech/scripted/05/4/ks505/ks505220.wav,lifeboats,1.9683125
/srv/scratch/chacmod/OGI/speech/scripted/01/2/ks117/ks1175l0.wav,why is the earth inside the milky way,7.1228125
/srv/scratch/chacmod/OGI/speech/scripted/10/1/ksa3n/ksa3n290.wav,meaningless,2.73975
/srv/scratch/chacmod/OGI/speech/scripted/08/4/ks82u/ks82u2c0.wav,misjudged,3.11475
/srv/scratch/chacmod/OGI/speech/scripted/05/3/ksg3c/ksg3c500.wav,the flood took a car down the street,4.9831875
/srv/scratch/chacmod/OGI/speech/scripted/08/1/ks834/ks8341p0.wav,hoof,1.60775
/srv/scratch/chacmod/OGI/speech/scripted/10/3/ksa35/ksa357k0.wav,super,2.739875
/srv/scratch/chacmod/OGI/speech/scripted/03/3/kse0u/kse0u620.wav,eating blueberries gives you blue hands,6.595125
/srv/scratch/chacmod/OGI/speech/scripted/10/2/ksa3d/ksa3d200.wav,lengthen,2.7391875
/srv/scratch/chacmod/OGI/speech/scripted/04/1/ks40d/ks40d010.wav,allowing,3.59075
/srv/scratch/chacmod/OGI/speech/scripted/03/2/ks331/ks3312u0.wav,four six four two nine five four,6.6155
/srv/scratch/chacmod/OGI/speech/scripted/00/3/ksb0i/ksb0i5r0.wav,her veins pop out when she is mad,4.5994375
/srv/scratch/chacmod/OGI/speech/scripted/03/4/kse06/kse063h0.wav,push,3.1555625
/srv/scratch/chacmod/OGI/speech/scripted/03/2/ks338/ks3385l0.wav,why is the earth inside the milky way,7.1306875
/srv/scratch/chacmod/OGI/speech/scripted/08/1/ksj0p/ksj0p7d0.wav,stooges,1.969375
/srv/scratch/chacmod/OGI/speech/scripted/00/1/ksb3k/ksb3k0l0.wav,chalk,1.9771875
/srv/scratch/chacmod/OGI/speech/scripted/04/3/ks43l/ks43l670.wav,the car went too fast,3.830625
/srv/scratch/chacmod/OGI/speech/scripted/04/0/ksf01/ksf016w0.wav,singer,1.8930625
/srv/scratch/chacmod/OGI/speech/scripted/06/0/ksh47/ksh472i0.wav,napkin,2.709375
/srv/scratch/chacmod/OGI/speech/scripted/08/3/ks82s/ks82s0n0.wav,childhood,1.988625
/srv/scratch/chacmod/OGI/speech/scripted/09/4/ks93y/ks93y3g0.wav,punishment,2.358875
/srv/scratch/chacmod/OGI/speech/scripted/07/2/ksi42/ksi422k0.wav,normal,2.358125
/srv/scratch/chacmod/OGI/speech/scripted/09/3/ksk3a/ksk3a080.wav,background,3.1136875
/srv/scratch/chacmod/OGI/speech/scripted/09/0/ks93m/ks93m6w0.wav,singer,1.512875
/srv/scratch/chacmod/OGI/speech/scripted/10/2/ksl0l/ksl0l830.wav,treasure,1.3528125
/srv/scratch/chacmod/OGI/speech/scripted/01/2/ksc3y/ksc3y5b0.wav,our tent can hold six people,4.611875
/srv/scratch/chacmod/OGI/speech/scripted/00/5/ks00t/ks00t5o0.wav,are zebras just striped horses,7.662625
/srv/scratch/chacmod/OGI/speech/scripted/04/1/ks419/ks4196x0.wav,six,1.967875
/srv/scratch/chacmod/OGI/speech/scripted/10/2/ksa48/ksa480h0.wav,bronco,2.3598125
/srv/scratch/chacmod/OGI/speech/scripted/05/4/ks501/ks5010e0.wav,birthmark,2.7960000000000003
/srv/scratch/chacmod/OGI/speech/scripted/10/4/ksa38/ksa380t0.wav,cowboys,3.915875
/srv/scratch/chacmod/OGI/speech/scripted/07/3/ksi3w/ksi3w120.wav,disrupt,3.5160625
/srv/scratch/chacmod/OGI/speech/scripted/02/1/ksd0i/ksd0i1u0.wav,imagery,3.0898125
/srv/scratch/chacmod/OGI/speech/scripted/00/4/ks016/ks016020.wav,announce,4.5988125
/srv/scratch/chacmod/OGI/speech/scripted/03/1/kse2u/kse2u1u0.wav,imagery,3.125625
/srv/scratch/chacmod/OGI/speech/scripted/06/0/ks60d/ks60d860.wav,two,1.5878125
/srv/scratch/chacmod/OGI/speech/scripted/08/2/ks83f/ks83f7o0.wav,technology,2.328625
/srv/scratch/chacmod/OGI/speech/scripted/02/1/ks20z/ks20z1z0.wav,lawyer,2.6148125
/srv/scratch/chacmod/OGI/speech/scripted/05/3/ksg4b/ksg4b120.wav,disrupt,3.4999375
/srv/scratch/chacmod/OGI/speech/scripted/05/2/ksg3a/ksg3a0m0.wav,chewy,2.73975
/srv/scratch/chacmod/OGI/speech/scripted/01/0/ksc3l/ksc3l6r0.wav,sheepdog,5.1175625
/srv/scratch/chacmod/OGI/speech/scripted/01/1/ksc39/ksc397d0.wav,stooges,2.609375
/srv/scratch/chacmod/OGI/speech/scripted/02/2/ks21b/ks21b880.wav,unfortunate,3.5903125
/srv/scratch/chacmod/OGI/speech/scripted/02/2/ks21h/ks21h7y0.wav,toothpaste,3.1556875
/srv/scratch/chacmod/OGI/speech/scripted/09/3/ksk03/ksk03260.wav,lure,1.5878125
/srv/scratch/chacmod/OGI/speech/scripted/04/0/ks415/ks4153w0.wav,the illusion looked like a giraffe,4.5994375
/srv/scratch/chacmod/OGI/speech/scripted/05/3/ksg08/ksg088t0.wav,yields,1.9688125
/srv/scratch/chacmod/OGI/speech/scripted/05/0/ks50a/ks50a8g0.wav,wagging,1.9680000000000002
/srv/scratch/chacmod/OGI/speech/scripted/10/3/ksa3v/ksa3v8j0.wav,wavelet,3.515625
/srv/scratch/chacmod/OGI/speech/scripted/07/3/ksi1c/ksi1c7p0.wav,temptation,3.5176875
/srv/scratch/chacmod/OGI/speech/scripted/05/1/ksg4c/ksg4c2r0.wav,two six four zero two four six,6.093
/srv/scratch/chacmod/OGI/speech/scripted/08/4/ks80v/ks80v310.wav,obvious,1.96825
/srv/scratch/chacmod/OGI/speech/scripted/03/0/kse1g/kse1g370.wav,page,3.0693125
/srv/scratch/chacmod/OGI/speech/scripted/03/4/ks33c/ks33c850.wav,twenty,2.112375
/srv/scratch/chacmod/OGI/speech/scripted/10/1/ksa3p/ksa3p7n0.wav,tab,4.317
/srv/scratch/chacmod/OGI/speech/scripted/02/2/ksd3b/ksd3b790.wav,starve,2.1128125
/srv/scratch/chacmod/OGI/speech/scripted/02/3/ks23u/ks23u7a0.wav,steakhouse,2.6088125
/srv/scratch/chacmod/OGI/speech/scripted/06/1/ksh0i/ksh0i7x0.wav,thursday,1.96825
/srv/scratch/chacmod/OGI/speech/scripted/01/4/ks133/ks133410.wav,i don't clean windows,5.614125
/srv/scratch/chacmod/OGI/speech/scripted/00/4/ks016/ks016250.wav,lumberyard,3.5904375
/srv/scratch/chacmod/OGI/speech/scripted/02/4/ks20o/ks20o750.wav,southmost,3.1565625
/srv/scratch/chacmod/OGI/speech/scripted/03/2/kse3i/kse3i3e0.wav,playoffs,2.6090625
/srv/scratch/chacmod/OGI/speech/scripted/03/0/ks31b/ks31b2d0.wav,mohawk,3.1566875
/srv/scratch/chacmod/OGI/speech/scripted/03/0/kse2v/kse2v230.wav,logic,2.113875
/srv/scratch/chacmod/OGI/speech/scripted/02/3/ksd3d/ksd3d2v0.wav,two six nine zero two two zero,8.6085
/srv/scratch/chacmod/OGI/speech/scripted/03/1/ks31m/ks31m010.wav,allowing,3.5906875
/srv/scratch/chacmod/OGI/speech/scripted/03/0/ks30f/ks30f770.wav,springhill,2.6153125
/srv/scratch/chacmod/OGI/speech/scripted/03/2/ks330/ks3305n0.wav,i like my meat on a cold platter,7.12025
/srv/scratch/chacmod/OGI/speech/scripted/07/3/ksi3h/ksi3h6u0.wav,shoe,1.988375
/srv/scratch/chacmod/OGI/speech/scripted/03/2/kse3a/kse3a250.wav,lumberyard,3.610875
/srv/scratch/chacmod/OGI/speech/scripted/07/1/ksi14/ksi141f0.wav,flagpole,2.339
/srv/scratch/chacmod/OGI/speech/scripted/04/1/ks43f/ks43f330.wav,one,3.6110625
/srv/scratch/chacmod/OGI/speech/scripted/02/4/ksd3p/ksd3p450.wav,i'm good with things like that,5.6144375
/srv/scratch/chacmod/OGI/speech/scripted/10/3/ksa3e/ksa3e1c0.wav,fancy,1.607625
/srv/scratch/chacmod/OGI/speech/scripted/04/0/ksf0c/ksf0c4d0.wav,chasing sally can be dangerous,4.598125
/srv/scratch/chacmod/OGI/speech/scripted/06/2/ksh0c/ksh0c0w0.wav,cultures,1.7170625
/srv/scratch/chacmod/OGI/speech/scripted/05/2/ksg3e/ksg3e2u0.wav,four six four two nine five four,4.9533125
/srv/scratch/chacmod/OGI/speech/scripted/06/4/ksh0r/ksh0r7v0.wav,throughout,1.587625
/srv/scratch/chacmod/OGI/speech/scripted/04/4/ksf2u/ksf2u8p0.wav,wonderful,1.98825
/srv/scratch/chacmod/OGI/speech/scripted/10/0/ksa37/ksa370u0.wav,crenshaw,3.11475
/srv/scratch/chacmod/OGI/speech/scripted/00/1/ksb0z/ksb0z440.wav,that pink marble cost me a dollar,6.6020625
/srv/scratch/chacmod/OGI/speech/scripted/03/2/ks349/ks3495j0.wav,will you sing this song,5.1173125
/srv/scratch/chacmod/OGI/speech/scripted/08/3/ksj0t/ksj0t3f0.wav,points,1.58775
/srv/scratch/chacmod/OGI/speech/scripted/10/3/ksa39/ksa391h0.wav,fragment,2.358625
/srv/scratch/chacmod/OGI/speech/scripted/10/4/ksa41/ksa41700.wav,smoke,2.5140625
/srv/scratch/chacmod/OGI/speech/scripted/02/4/ksd44/ksd446n0.wav,i'm sorry the dog ate your dinner,5.6140625
/srv/scratch/chacmod/OGI/speech/scripted/08/4/ksj40/ksj403m0.wav,rock,2.7396875
/srv/scratch/chacmod/OGI/speech/scripted/08/1/ksj2z/ksj2z7n0.wav,tab,4.326875
/srv/scratch/chacmod/OGI/speech/scripted/01/4/ks13x/ks13x2m0.wav,novel,3.1145
/srv/scratch/chacmod/OGI/speech/scripted/02/1/ks240/ks2402r0.wav,two six four zero two four six,8.1323125
/srv/scratch/chacmod/OGI/speech/scripted/03/2/ks330/ks3308s0.wav,yellow,1.607375
/srv/scratch/chacmod/OGI/speech/scripted/02/3/ksd41/ksd412b0.wav,midnight,4.1158125
/srv/scratch/chacmod/OGI/speech/scripted/08/4/ksj40/ksj407v0.wav,throughout,1.60775
/srv/scratch/chacmod/OGI/speech/scripted/02/1/ksd2t/ksd2t870.wav,underneath,3.11175
/srv/scratch/chacmod/OGI/speech/scripted/10/4/ksa3c/ksa3c7b0.wav,steamship,3.5141875
/srv/scratch/chacmod/OGI/speech/scripted/04/1/ks43d/ks43d7s0.wav,thatch,1.6075625
/srv/scratch/chacmod/OGI/speech/scripted/05/2/ks536/ks5365i0.wav,we had a birds eye view,3.5151875
/srv/scratch/chacmod/OGI/speech/scripted/01/1/ks13b/ks13b1k0.wav,handshake,4.115625
/srv/scratch/chacmod/OGI/speech/scripted/09/2/ks90c/ks90c1b0.wav,faithful,2.79625
/srv/scratch/chacmod/OGI/speech/scripted/08/3/ksj33/ksj337u0.wav,three,2.358875
/srv/scratch/chacmod/OGI/speech/scripted/00/7/ksb0l/ksb0l840.wav,truck,3.156125
/srv/scratch/chacmod/OGI/speech/scripted/00/3/ksb0x/ksb0x5j0.wav,will you sing this song,5.138875
/srv/scratch/chacmod/OGI/speech/scripted/05/2/ks511/ks5115g0.wav,take off your hat please,3.8875625
/srv/scratch/chacmod/OGI/speech/scripted/04/3/ksf3b/ksf3b080.wav,background,4.1164375
/srv/scratch/chacmod/OGI/speech/scripted/02/2/ks211/ks2110w0.wav,cultures,2.256125
/srv/scratch/chacmod/OGI/speech/scripted/04/2/ksf04/ksf04200.wav,lengthen,3.590375
/srv/scratch/chacmod/OGI/speech/scripted/02/2/ksd3n/ksd3n250.wav,lumberyard,3.6109375
/srv/scratch/chacmod/OGI/speech/scripted/07/2/ks70t/ks70t3h0.wav,push,2.338875
/srv/scratch/chacmod/OGI/speech/scripted/01/3/ksc32/ksc320i0.wav,cashflow,4.115125
/srv/scratch/chacmod/OGI/speech/scripted/02/4/ks20o/ks20o6q0.wav,shades,1.8968125
/srv/scratch/chacmod/OGI/speech/scripted/05/1/ks53b/ks53b330.wav,one,2.7390625
/srv/scratch/chacmod/OGI/speech/scripted/06/0/ks60d/ks60d230.wav,logic,1.5874375
/srv/scratch/chacmod/OGI/speech/scripted/05/3/ksg42/ksg42080.wav,background,3.1148125
/srv/scratch/chacmod/OGI/speech/scripted/03/3/kse3y/kse3y0i0.wav,cashflow,4.1160625
/srv/scratch/chacmod/OGI/speech/scripted/05/3/ks53m/ks53m8j0.wav,wavelet,3.5161875
/srv/scratch/chacmod/OGI/speech/scripted/09/3/ksk0s/ksk0s3f0.wav,points,1.5880625
/srv/scratch/chacmod/OGI/speech/scripted/07/1/ks73a/ks73a2j0.wav,nine,3.1144375
/srv/scratch/chacmod/OGI/speech/scripted/04/1/ksf3w/ksf3w550.wav,the herd became angry and started a stampede,8.1220625
/srv/scratch/chacmod/OGI/speech/scripted/04/3/ksf2w/ksf2w8e0.wav,vaulted,2.1135625
/srv/scratch/chacmod/OGI/speech/scripted/03/1/kse2u/kse2u8r0.wav,yankee,2.6088125
/srv/scratch/chacmod/OGI/speech/scripted/03/4/ks33g/ks33g6o0.wav,someone bought a beautiful ring for you,7.6076875
/srv/scratch/chacmod/OGI/speech/scripted/02/2/ksd00/ksd005c0.wav,give keith a moment to think,6.0955
/srv/scratch/chacmod/OGI/speech/scripted/01/0/ksc0p/ksc0p4f0.wav,people like to sing in cairo,5.594125
/srv/scratch/chacmod/OGI/speech/scripted/02/4/ksd3p/ksd3p6j0.wav,we gathered sticks for the fire,4.611875
/srv/scratch/chacmod/OGI/speech/scripted/04/1/ksf0r/ksf0r4m0.wav,pay albert for the fresh water,5.6046875
/srv/scratch/chacmod/OGI/speech/scripted/05/2/ksg0k/ksg0k3h0.wav,push,2.3386875
/srv/scratch/chacmod/OGI/speech/scripted/01/1/ks10l/ks10l330.wav,one,3.5911875
/srv/scratch/chacmod/OGI/speech/scripted/06/4/ksh17/ksh17090.wav,bathe,3.1669375
/srv/scratch/chacmod/OGI/speech/scripted/06/0/ksh10/ksh100k0.wav,chair,2.718875
/srv/scratch/chacmod/OGI/speech/scripted/06/0/ks63h/ks63h7w0.wav,thrower,1.3376875
/srv/scratch/chacmod/OGI/speech/scripted/06/0/ks60d/ks60d1e0.wav,five,1.5878125
/srv/scratch/chacmod/OGI/speech/scripted/00/0/ksb3f/ksb3f000.wav,advantage,4.1164375
/srv/scratch/chacmod/OGI/speech/scripted/05/4/ks53t/ks53t470.wav,the dog is a big gentle puppy,4.6123125
/srv/scratch/chacmod/OGI/speech/scripted/03/4/kse4a/kse4a3g0.wav,punishment,3.1126875
/srv/scratch/chacmod/OGI/speech/scripted/06/1/ks60f/ks60f8m0.wav,wiseguy,1.5878125
/srv/scratch/chacmod/OGI/speech/scripted/04/4/ksf2u/ksf2u2c0.wav,misjudged,3.1131875
/srv/scratch/chacmod/OGI/speech/scripted/04/1/ks40a/ks40a7i0.wav,subtract,2.61425
/srv/scratch/chacmod/OGI/speech/scripted/02/2/ks233/ks2335t0.wav,please offer them a dinner mint,6.1296875
/srv/scratch/chacmod/OGI/speech/scripted/09/1/ksk1j/ksk1j3o0.wav,rugby,3.089625
/srv/scratch/chacmod/OGI/speech/scripted/01/4/ks13v/ks13v1s0.wav,humor,2.1128125
/srv/scratch/chacmod/OGI/speech/scripted/03/4/ks30a/ks30a460.wav,help me unroll the new rug,5.5943125
/srv/scratch/chacmod/OGI/speech/scripted/07/1/ks70e/ks70e1k0.wav,handshake,3.1664375
/srv/scratch/chacmod/OGI/speech/scripted/00/7/ks03v/ks03v7u0.wav,three,3.114125
/srv/scratch/chacmod/OGI/speech/scripted/02/3/ksd0t/ksd0t6g0.wav,my clothes are wet from the rain,5.59425
/srv/scratch/chacmod/OGI/speech/scripted/09/1/ks935/ks9351a0.wav,explosion,1.597375
/srv/scratch/chacmod/OGI/speech/scripted/01/2/ks131/ks1310r0.wav,concept,3.6105
/srv/scratch/chacmod/OGI/speech/scripted/00/1/ksb3h/ksb3h4b0.wav,every month i eat some chocolate,7.1204375
/srv/scratch/chacmod/OGI/speech/scripted/10/1/ksa32/ksa32380.wav,pathetic,1.988375
/srv/scratch/chacmod/OGI/speech/scripted/03/3/kse0t/kse0t640.wav,sir have you seen my coat,4.59975
/srv/scratch/chacmod/OGI/speech/scripted/03/4/kse06/kse067v0.wav,throughout,2.0885
/srv/scratch/chacmod/OGI/speech/scripted/09/3/ks919/ks9193l0.wav,represents,2.339
/srv/scratch/chacmod/OGI/speech/scripted/03/0/ks30f/ks30f4l0.wav,silver robot toys are the best,7.1328125
/srv/scratch/chacmod/OGI/speech/scripted/01/0/ks13p/ks13p2n0.wav,nuclear,3.6105625
/srv/scratch/chacmod/OGI/speech/scripted/00/9/ksb35/ksb35700.wav,smoke,3.316125
/srv/scratch/chacmod/OGI/speech/scripted/08/0/ksj38/ksj381y0.wav,kingpin,3.112875
/srv/scratch/chacmod/OGI/speech/scripted/03/1/kse2u/kse2u4z0.wav,we should try to save the whales,6.6150625
/srv/scratch/chacmod/OGI/speech/scripted/01/0/ks130/ks1307w0.wav,thrower,1.307
/srv/scratch/chacmod/OGI/speech/scripted/10/0/ksa3y/ksa3y8b0.wav,updated,1.9883125
/srv/scratch/chacmod/OGI/speech/scripted/05/1/ksg0q/ksg0q4p0.wav,the angry chef cooked his vegetables,4.5983125
/srv/scratch/chacmod/OGI/speech/scripted/04/1/ksf17/ksf17500.wav,the flood took a car down the street,4.970625
/srv/scratch/chacmod/OGI/speech/scripted/08/3/ks808/ks8083a0.wav,payouts,1.967875
/srv/scratch/chacmod/OGI/speech/scripted/00/2/ksb0m/ksb0m4t0.wav,turn the volume on the radio down,6.593
/srv/scratch/chacmod/OGI/speech/scripted/03/3/kse3y/kse3y210.wav,lethargic,2.112375
/srv/scratch/chacmod/OGI/speech/scripted/03/2/kse2t/kse2t5l0.wav,why is the earth inside the milky way,7.121
/srv/scratch/chacmod/OGI/speech/scripted/02/2/ks20a/ks20a5k0.wav,buying the ring took all of my money,6.5955625
/srv/scratch/chacmod/OGI/speech/scripted/03/2/ks30x/ks30x3h0.wav,push,3.155625
/srv/scratch/chacmod/OGI/speech/scripted/03/3/kse46/kse46500.wav,the flood took a car down the street,6.615375
/srv/scratch/chacmod/OGI/speech/scripted/05/4/ks53t/ks53t2h0.wav,mutual,2.7396875
/srv/scratch/chacmod/OGI/speech/scripted/03/3/kse3y/kse3y6b0.wav,search in between the couch cushions,6.6170625
/srv/scratch/chacmod/OGI/speech/scripted/05/3/ksg4b/ksg4b2w0.wav,two four seven six three seven four,6.455875
/srv/scratch/chacmod/OGI/speech/scripted/03/1/kse43/kse434y0.wav,your shadow always follows you,5.6139375
/srv/scratch/chacmod/OGI/speech/scripted/02/4/ksd44/ksd44130.wav,earthquake,2.6095
/srv/scratch/chacmod/OGI/speech/scripted/10/0/ksa33/ksa333c0.wav,picture,2.7398125
/srv/scratch/chacmod/OGI/speech/scripted/03/1/ks308/ks3080g0.wav,breath,3.1555
/srv/scratch/chacmod/OGI/speech/scripted/02/2/ks211/ks2111l0.wav,hardship,3.1669375
/srv/scratch/chacmod/OGI/speech/scripted/03/4/ks313/ks313360.wav,overreaction,3.1561875
/srv/scratch/chacmod/OGI/speech/scripted/00/7/ksb3n/ksb3n690.wav,i thought i heard new voices,4.70925
/srv/scratch/chacmod/OGI/speech/scripted/02/3/ksd30/ksd307k0.wav,super,3.61125
/srv/scratch/chacmod/OGI/speech/scripted/00/0/ks037/ks037540.wav,grandmother played football last year,4.61175
/srv/scratch/chacmod/OGI/speech/scripted/07/1/ksi3n/ksi3n1p0.wav,hoof,1.6074375
/srv/scratch/chacmod/OGI/speech/scripted/04/1/ks43f/ks43f4y0.wav,your shadow always follows you,5.61375
/srv/scratch/chacmod/OGI/speech/scripted/05/1/ksg3o/ksg3o0l0.wav,chalk,1.9883125
/srv/scratch/chacmod/OGI/speech/scripted/09/1/ksk1b/ksk1b3o0.wav,rugby,3.1675625
/srv/scratch/chacmod/OGI/speech/scripted/09/4/ks93l/ks93l1s0.wav,humor,1.6065625
/srv/scratch/chacmod/OGI/speech/scripted/06/1/ks60w/ks60w150.wav,eight,2.8065
/srv/scratch/chacmod/OGI/speech/scripted/10/3/ksa31/ksa318t0.wav,yields,1.987875
/srv/scratch/chacmod/OGI/speech/scripted/02/0/ks203/ks203370.wav,page,3.0689375
/srv/scratch/chacmod/OGI/speech/scripted/06/4/ks60o/ks60o3h0.wav,push,2.3385625
/srv/scratch/chacmod/OGI/speech/scripted/05/1/ks53z/ks53z380.wav,pathetic,1.9876875
/srv/scratch/chacmod/OGI/speech/scripted/01/0/ks10f/ks10f770.wav,springhill,2.6155
/srv/scratch/chacmod/OGI/speech/scripted/02/4/ksd15/ksd158f0.wav,vowel,2.6358125
/srv/scratch/chacmod/OGI/speech/scripted/05/2/ks536/ks536830.wav,treasure,1.310375
/srv/scratch/chacmod/OGI/speech/scripted/03/3/kse0u/kse0u6p0.wav,seven,1.5880625
/srv/scratch/chacmod/OGI/speech/scripted/02/3/ks20g/ks20g0d0.wav,biology,4.0918125
/srv/scratch/chacmod/OGI/speech/scripted/01/4/ks10z/ks10z2m0.wav,novel,3.1551875
/srv/scratch/chacmod/OGI/speech/scripted/03/1/ks31e/ks31e4m0.wav,pay albert for the fresh water,5.5943125
/srv/scratch/chacmod/OGI/speech/scripted/00/3/ksb2w/ksb2w030.wav,archrival,3.114375
/srv/scratch/chacmod/OGI/speech/scripted/10/2/ksl18/ksl182a0.wav,microwaves,2.3393125
/srv/scratch/chacmod/OGI/speech/scripted/05/2/ks536/ks5362z0.wav,objected,2.1888125
/srv/scratch/chacmod/OGI/speech/scripted/01/2/ks131/ks131790.wav,starve,2.1120625
/srv/scratch/chacmod/OGI/speech/scripted/04/4/ks406/ks4060t0.wav,cowboys,3.876375
/srv/scratch/chacmod/OGI/speech/scripted/09/0/ks93z/ks93z2n0.wav,nuclear,2.739625
/srv/scratch/chacmod/OGI/speech/scripted/05/3/ks50s/ks50s210.wav,lethargic,1.5879375
/srv/scratch/chacmod/OGI/speech/scripted/04/0/ks409/ks4097r0.wav,thanks,1.587625
/srv/scratch/chacmod/OGI/speech/scripted/10/1/ksa19/ksa193o0.wav,rugby,3.156125
/srv/scratch/chacmod/OGI/speech/scripted/00/6/ks00b/ks00b5h0.wav,she'll be ready very soon,5.1400625
/srv/scratch/chacmod/OGI/speech/scripted/01/2/ksc3o/ksc3o0w0.wav,cultures,2.302375
/srv/scratch/chacmod/OGI/speech/scripted/03/1/ks33v/ks33v4q0.wav,edgar does not have a job,6.61575
/srv/scratch/chacmod/OGI/speech/scripted/04/4/ksf08/ksf082c0.wav,misjudged,4.091875
/srv/scratch/chacmod/OGI/speech/scripted/09/3/ks92w/ks92w2b0.wav,midnight,3.1160625
/srv/scratch/chacmod/OGI/speech/scripted/04/2/ksf36/ksf365c0.wav,give keith a moment to think,6.119875
/srv/scratch/chacmod/OGI/speech/scripted/02/3/ks23t/ks23t260.wav,lure,2.1145
/srv/scratch/chacmod/OGI/speech/scripted/05/0/ksg2z/ksg2z4f0.wav,people like to sing in cairo,4.3190625
/srv/scratch/chacmod/OGI/speech/scripted/01/3/ks112/ks1123q0.wav,scallywag,3.155125
/srv/scratch/chacmod/OGI/speech/scripted/02/2/ks21b/ks21b5l0.wav,why is the earth inside the milky way,7.13275
/srv/scratch/chacmod/OGI/speech/scripted/04/1/ksf3p/ksf3p8r0.wav,yankee,2.608875
/srv/scratch/chacmod/OGI/speech/scripted/01/4/ks107/ks1071n0.wav,herbalist,3.156875
/srv/scratch/chacmod/OGI/speech/scripted/07/2/ksi05/ksi057o0.wav,technology,2.3393125
/srv/scratch/chacmod/OGI/speech/scripted/10/3/ksl0a/ksl0a1w0.wav,join,1.9680000000000002
/srv/scratch/chacmod/OGI/speech/scripted/04/0/ksf0c/ksf0c7w0.wav,thrower,1.3563125
/srv/scratch/chacmod/OGI/speech/scripted/10/3/ksa35/ksa35120.wav,disrupt,3.5155
/srv/scratch/chacmod/OGI/speech/scripted/07/0/ksi3l/ksi3l1e0.wav,five,1.607125
/srv/scratch/chacmod/OGI/speech/scripted/01/1/ks106/ks106530.wav,the bird sang a sweet melody,6.0953125
/srv/scratch/chacmod/OGI/speech/scripted/07/0/ksi16/ksi16770.wav,springhill,1.9676875
/srv/scratch/chacmod/OGI/speech/scripted/06/0/ksh3v/ksh3v7m0.wav,swoop,1.608
/srv/scratch/chacmod/OGI/speech/scripted/03/4/kse4a/kse4a500.wav,the flood took a car down the street,6.615875
/srv/scratch/chacmod/OGI/speech/scripted/06/2/ksh08/ksh080h0.wav,bronco,2.3388125
/srv/scratch/chacmod/OGI/speech/scripted/04/2/ks435/ks4358n0.wav,withdrawn,2.6095
/srv/scratch/chacmod/OGI/speech/scripted/03/2/ks31j/ks31j5j0.wav,will you sing this song,5.138875
/srv/scratch/chacmod/OGI/speech/scripted/07/1/ks73c/ks73c0b0.wav,beyond,2.359125
/srv/scratch/chacmod/OGI/speech/scripted/09/4/ks947/ks9470j0.wav,cautiously,1.98825
/srv/scratch/chacmod/OGI/speech/scripted/04/3/ksf0i/ksf0i350.wav,overalls,1.9686875
/srv/scratch/chacmod/OGI/speech/scripted/02/0/ksd0s/ksd0s320.wav,offshore,2.615625
/srv/scratch/chacmod/OGI/speech/scripted/02/4/ksd0m/ksd0m450.wav,i'm good with things like that,5.5944375
/srv/scratch/chacmod/OGI/speech/scripted/00/8/ksb3p/ksb3p1x0.wav,jurors,2.608625
/srv/scratch/chacmod/OGI/speech/scripted/04/4/ks43u/ks43u8a0.wav,unwilling,3.610875
/srv/scratch/chacmod/OGI/speech/scripted/10/3/ksl01/ksl013a0.wav,payouts,1.968625
/srv/scratch/chacmod/OGI/speech/scripted/02/2/ksd4a/ksd4a7t0.wav,thousand,3.6105625
/srv/scratch/chacmod/OGI/speech/scripted/09/1/ksk0e/ksk0e6s0.wav,shirt,2.796875
/srv/scratch/chacmod/OGI/speech/scripted/07/1/ksi3n/ksi3n8r0.wav,yankee,1.9876875
/srv/scratch/chacmod/OGI/speech/scripted/04/0/ks43g/ks43g4h0.wav,is that girl chewing gum,3.9148125
/srv/scratch/chacmod/OGI/speech/scripted/04/2/ks440/ks4405u0.wav,could lizards ever talk,5.11675
/srv/scratch/chacmod/OGI/speech/scripted/02/1/ks240/ks2401p0.wav,hoof,2.112875
/srv/scratch/chacmod/OGI/speech/scripted/01/3/ksc14/ksc147a0.wav,steakhouse,2.6154375
/srv/scratch/chacmod/OGI/speech/scripted/01/2/ks10c/ks10c0h0.wav,bronco,3.1580625
/srv/scratch/chacmod/OGI/speech/scripted/04/2/ks43m/ks43m3k0.wav,red,2.1128125
/srv/scratch/chacmod/OGI/speech/scripted/02/1/ksd0b/ksd0b1a0.wav,explosion,2.0883125
/srv/scratch/chacmod/OGI/speech/scripted/07/4/ks72t/ks72t130.wav,earthquake,1.998375
/srv/scratch/chacmod/OGI/speech/scripted/03/3/ks333/ks3332l0.wav,nothing,2.6086875
/srv/scratch/chacmod/OGI/speech/scripted/04/3/ks414/ks414300.wav,obstacle,2.0884375
/srv/scratch/chacmod/OGI/speech/scripted/01/2/ks10n/ks10n020.wav,announce,4.5985
/srv/scratch/chacmod/OGI/speech/scripted/10/4/ksa0w/ksa0w1x0.wav,jurors,1.9685625
/srv/scratch/chacmod/OGI/speech/scripted/02/0/ksd32/ksd321e0.wav,five,2.1223125
/srv/scratch/chacmod/OGI/speech/scripted/04/0/ks409/ks4093n0.wav,royal,1.587375
/srv/scratch/chacmod/OGI/speech/scripted/02/4/ksd0x/ksd0x6n0.wav,i'm sorry the dog ate your dinner,5.594625
/srv/scratch/chacmod/OGI/speech/scripted/01/1/ks13j/ks13j8r0.wav,yankee,2.7031875
/srv/scratch/chacmod/OGI/speech/scripted/04/2/ks40z/ks40z5a0.wav,i hope the airplane will get higher,4.6296875
/srv/scratch/chacmod/OGI/speech/scripted/10/3/ksl0a/ksl0a1c0.wav,fancy,1.5873125
/srv/scratch/chacmod/OGI/speech/scripted/08/0/ksj0n/ksj0n7m0.wav,swoop,1.587875
/srv/scratch/chacmod/OGI/speech/scripted/01/1/ks119/ks119100.wav,digested,2.6155
/srv/scratch/chacmod/OGI/speech/scripted/06/3/ks63d/ks63d1c0.wav,fancy,1.70225
/srv/scratch/chacmod/OGI/speech/scripted/07/1/ks70e/ks70e0v0.wav,cross,3.0905625
/srv/scratch/chacmod/OGI/speech/scripted/05/0/ksg34/ksg34810.wav,toyota,1.60725
/srv/scratch/chacmod/OGI/speech/scripted/00/2/ks010/ks0102e0.wav,moisture,2.6159375
/srv/scratch/chacmod/OGI/speech/scripted/04/2/ks440/ks4408s0.wav,yellow,1.7023125
/srv/scratch/chacmod/OGI/speech/scripted/08/2/ks83j/ks83j0h0.wav,bronco,2.3593125
/srv/scratch/chacmod/OGI/speech/scripted/07/3/ks737/ks7378o0.wav,women,1.9885
/srv/scratch/chacmod/OGI/speech/scripted/06/3/ksh3k/ksh3k890.wav,unroll,1.7115
/srv/scratch/chacmod/OGI/speech/scripted/07/0/ksi3d/ksi3d3h0.wav,push,2.3288125
/srv/scratch/chacmod/OGI/speech/scripted/06/4/ks605/ks6050t0.wav,cowboys,3.8768125
/srv/scratch/chacmod/OGI/speech/scripted/02/4/ksd3p/ksd3p400.wav,greet me with open arms,4.61425
/srv/scratch/chacmod/OGI/speech/scripted/03/0/kse1g/kse1g810.wav,toyota,2.08875
/srv/scratch/chacmod/OGI/speech/scripted/01/4/ks10w/ks10w460.wav,help me unroll the new rug,5.5944375
/srv/scratch/chacmod/OGI/speech/scripted/02/2/ks20a/ks20a1q0.wav,hopeful,2.6148125
/srv/scratch/chacmod/OGI/speech/scripted/10/0/ksa3l/ksa3l140.wav,easier,1.9880000000000002
/srv/scratch/chacmod/OGI/speech/scripted/02/0/ksd3z/ksd3z4i0.wav,bill has purple glasses,5.1281875
/srv/scratch/chacmod/OGI/speech/scripted/06/1/ks631/ks6313o0.wav,rugby,3.08
/srv/scratch/chacmod/OGI/speech/scripted/05/2/ksg0e/ksg0e500.wav,the flood took a car down the street,4.9689375
/srv/scratch/chacmod/OGI/speech/scripted/08/2/ks818/ks8187y0.wav,toothpaste,2.338875
/srv/scratch/chacmod/OGI/speech/scripted/03/2/ks338/ks3385q0.wav,will beets stain my pants,5.116875
/srv/scratch/chacmod/OGI/speech/scripted/06/4/ksh0l/ksh0l3r0.wav,school,1.5879375
