filepath,transcription,duration,spkr_id
/srv/scratch/chacmod/MyST/myst-v0.3.0-171fbda/corpora/myst/data/997472/myst_997472_2010-11-01_00-00-00_ME_2.2/myst_997472_2010-11-01_00-00-00_ME_2.2_007.wav,the one that looks like uh sort of like a switch but isn't it's for your circuit to be closed if you open it then you don't then your circuit will be open and the light bulb or motor won't work but if you by it it'll work,16.862000000000002,997472
/srv/scratch/chacmod/MyST/myst-v0.3.0-171fbda/corpora/myst/data/997472/myst_997472_2010-11-01_00-00-00_ME_2.2/myst_997472_2010-11-01_00-00-00_ME_2.2_021.wav,the names of a those little circles at the bottom are called terminal connectitions an and if you don't have it then um you and if you don't connect anything to the motor the motor's not gonna run,15.988,997472
/srv/scratch/chacmod/MyST/myst-v0.3.0-171fbda/corpora/myst/data/997472/myst_997472_2010-11-01_00-00-00_ME_2.2/myst_997472_2010-11-01_00-00-00_ME_2.2_012.wav,um i forget its name but i think it starts with an s and it uses symbols to tell you instead of just drawing all the details,9.743,997472
/srv/scratch/chacmod/MyST/myst-v0.3.0-171fbda/corpora/myst/data/997472/myst_997472_2010-11-01_00-00-00_ME_2.2/myst_997472_2010-11-01_00-00-00_ME_2.2_014.wav,i see um a light bulb and that one of the wires is connected to the side and the other one is connected to the bottom and that it lights up when that happens,13.053,997472
/srv/scratch/chacmod/MyST/myst-v0.3.0-171fbda/corpora/myst/data/997472/myst_997472_2010-11-01_00-00-00_ME_2.2/myst_997472_2010-11-01_00-00-00_ME_2.2_020.wav,you connect the wires to it and then it flows to the battery and that starts moving the motor on the top,9.233,997472
/srv/scratch/chacmod/MyST/myst-v0.3.0-171fbda/corpora/myst/data/997472/myst_997472_2010-11-01_00-00-00_ME_2.2/myst_997472_2010-11-01_00-00-00_ME_2.2_019.wav,they mean that the wires on the motor stop there and are connected to new wires,8.747,997472
/srv/scratch/chacmod/MyST/myst-v0.3.0-171fbda/corpora/myst/data/997472/myst_997472_2010-11-01_00-00-00_ME_2.2/myst_997472_2010-11-01_00-00-00_ME_2.2_017.wav,a schematic shows you a simpler way to draw or tell someone how to sh do something or go somewhere,11.049,997472
/srv/scratch/chacmod/MyST/myst-v0.3.0-171fbda/corpora/myst/data/997472/myst_997472_2010-11-01_00-00-00_ME_2.2/myst_997472_2010-11-01_00-00-00_ME_2.2_003.wav,the d cell is a source of el electricity to turn on something,5.188,997472
/srv/scratch/chacmod/MyST/myst-v0.3.0-171fbda/corpora/myst/data/997472/myst_997472_2010-11-01_00-00-00_ME_2.2/myst_997472_2010-11-01_00-00-00_ME_2.2_001.wav,good,0.7190000000000001,997472
/srv/scratch/chacmod/MyST/myst-v0.3.0-171fbda/corpora/myst/data/997472/myst_997472_2010-11-01_00-00-00_ME_2.2/myst_997472_2010-11-01_00-00-00_ME_2.2_004.wav,the motor um i mean the d cell helps you helps it run because without it there's nothing like you could really do i mean it wouldn't work,12.922,997472
/srv/scratch/chacmod/MyST/myst-v0.3.0-171fbda/corpora/myst/data/997472/myst_997472_2010-11-01_00-00-00_ME_2.2/myst_997472_2010-11-01_00-00-00_ME_2.2_013.wav,they tell you how to connect the battery and wires to the light bulb and show you in a simpler where way,10.731,997472
/srv/scratch/chacmod/MyST/myst-v0.3.0-171fbda/corpora/myst/data/997472/myst_997472_2010-11-01_00-00-00_ME_2.2/myst_997472_2010-11-01_00-00-00_ME_2.2_016.wav,this shows you that this circuit is open and that the motor can't run because they have not closed the switch,9.983,997472
/srv/scratch/chacmod/MyST/myst-v0.3.0-171fbda/corpora/myst/data/997472/myst_997472_2010-11-01_00-00-00_ME_2.2/myst_997472_2010-11-01_00-00-00_ME_2.2_010.wav,i see a little um drawing that shows you in these little um what do you call um,13.085,997472
/srv/scratch/chacmod/MyST/myst-v0.3.0-171fbda/corpora/myst/data/997472/myst_997472_2010-11-01_00-00-00_ME_2.2/myst_997472_2010-11-01_00-00-00_ME_2.2_002.wav,we've been learning about magnets and electricity,4.575,997472
/srv/scratch/chacmod/MyST/myst-v0.3.0-171fbda/corpora/myst/data/997472/myst_997472_2010-11-01_00-00-00_ME_2.2/myst_997472_2010-11-01_00-00-00_ME_2.2_008.wav,it's a closed circuit and so the energy can't go out but if one of the wires were open then you couldn't do it,11.066,997472
/srv/scratch/chacmod/MyST/myst-v0.3.0-171fbda/corpora/myst/data/997472/myst_997472_2010-11-01_00-00-00_ME_2.2/myst_997472_2010-11-01_00-00-00_ME_2.2_009.wav,the electricity is flowing through the wires and both wires are connected and the um the energy flows out of the negative side and comes back at the positive side,16.465,997472
/srv/scratch/chacmod/MyST/myst-v0.3.0-171fbda/corpora/myst/data/997472/myst_997472_2010-11-01_00-00-00_ME_2.2/myst_997472_2010-11-01_00-00-00_ME_2.2_015.wav,instead of a light bulb there is a motor and it's connected to the d cell battery,8.048,997472
/srv/scratch/chacmod/MyST/myst-v0.3.0-171fbda/corpora/myst/data/997472/myst_997472_2010-11-01_00-00-00_ME_2.2/myst_997472_2010-11-01_00-00-00_ME_2.2_005.wav,you use the d cell to make the motor run or the light bulb light without it you couldn't do anything,10.654000000000002,997472
/srv/scratch/chacmod/MyST/myst-v0.3.0-171fbda/corpora/myst/data/997472/myst_997472_2010-11-01_00-00-00_ME_2.2/myst_997472_2010-11-01_00-00-00_ME_2.2_018.wav,you have to make sure that both ends of the motor are connected to the batteries and that i mean the wires and then the wires are connected to the batteries properly for the motor to run,14.784,997472
/srv/scratch/chacmod/MyST/myst-v0.3.0-171fbda/corpora/myst/data/997472/myst_997472_2010-11-01_00-00-00_ME_2.2/myst_997472_2010-11-01_00-00-00_ME_2.2_011.wav,um there's a it's like a closed circuit and um i don't see a switch there's no switch it's just the battery and the wires and um the ba the light bulb um receives the energy from the battery and then sends it some of it back,23.574,997472
/srv/scratch/chacmod/MyST/myst-v0.3.0-171fbda/corpora/myst/data/997472/myst_997472_2010-11-01_00-00-00_ME_2.2/myst_997472_2010-11-01_00-00-00_ME_2.2_006.wav,they're wires that you use to connect the d cell to the um the motor or light bulb,9.334,997472
/srv/scratch/chacmod/MyST/myst-v0.3.0-171fbda/corpora/myst/data/997472/myst_997472_2009-07-12_00-00-00_ME_1.1/myst_997472_2009-07-12_00-00-00_ME_1.1_002.wav,learning about electricity and magnetism,2.467,997472
/srv/scratch/chacmod/MyST/myst-v0.3.0-171fbda/corpora/myst/data/997472/myst_997472_2009-07-12_00-00-00_ME_1.1/myst_997472_2009-07-12_00-00-00_ME_1.1_013.wav,maganets attract that means they stick together if they repel then they're apart from each other,7.883999999999999,997472
/srv/scratch/chacmod/MyST/myst-v0.3.0-171fbda/corpora/myst/data/997472/myst_997472_2009-07-12_00-00-00_ME_1.1/myst_997472_2009-07-12_00-00-00_ME_1.1_012.wav,if the pools are facing together they might stick but if they're facing apart they'll separate,7.836,997472
/srv/scratch/chacmod/MyST/myst-v0.3.0-171fbda/corpora/myst/data/997472/myst_997472_2009-07-12_00-00-00_ME_1.1/myst_997472_2009-07-12_00-00-00_ME_1.1_010.wav,steel nail has steel in it and the aluminum nail is alunimum alunimum doesn't attract to magnets,9.128,997472
/srv/scratch/chacmod/MyST/myst-v0.3.0-171fbda/corpora/myst/data/997472/myst_997472_2009-07-12_00-00-00_ME_1.1/myst_997472_2009-07-12_00-00-00_ME_1.1_005.wav,the magnet is attracting iron and the stuff that sticks to magnets,5.88,997472
/srv/scratch/chacmod/MyST/myst-v0.3.0-171fbda/corpora/myst/data/997472/myst_997472_2009-07-12_00-00-00_ME_1.1/myst_997472_2009-07-12_00-00-00_ME_1.1_009.wav,the um some of the things that uh don't have iron in them won't stick to the magnet like the brass ring or um the crafter's stick,14.175999999999998,997472
/srv/scratch/chacmod/MyST/myst-v0.3.0-171fbda/corpora/myst/data/997472/myst_997472_2009-07-12_00-00-00_ME_1.1/myst_997472_2009-07-12_00-00-00_ME_1.1_004.wav,that some sides um stick and like if you put it on a certain side it doesn't stick it um let's go apart,9.521,997472
/srv/scratch/chacmod/MyST/myst-v0.3.0-171fbda/corpora/myst/data/997472/myst_997472_2009-07-12_00-00-00_ME_1.1/myst_997472_2009-07-12_00-00-00_ME_1.1_003.wav,it's a magnet,1.104,997472
/srv/scratch/chacmod/MyST/myst-v0.3.0-171fbda/corpora/myst/data/997472/myst_997472_2009-07-12_00-00-00_ME_1.1/myst_997472_2009-07-12_00-00-00_ME_1.1_014.wav,north and s n and s are um on one side they will attract but if like n and n or s and s are on one side they'll repel,13.341,997472
/srv/scratch/chacmod/MyST/myst-v0.3.0-171fbda/corpora/myst/data/997472/myst_997472_2009-07-12_00-00-00_ME_1.1/myst_997472_2009-07-12_00-00-00_ME_1.1_008.wav,um the ones with iron and steel in them connect to the magnet,4.423,997472
/srv/scratch/chacmod/MyST/myst-v0.3.0-171fbda/corpora/myst/data/997472/myst_997472_2009-07-12_00-00-00_ME_1.1/myst_997472_2009-07-12_00-00-00_ME_1.1_006.wav,that it will um a that it will collect all the iron things or the ones that have steel in em,8.383,997472
/srv/scratch/chacmod/MyST/myst-v0.3.0-171fbda/corpora/myst/data/997472/myst_997472_2009-07-12_00-00-00_ME_1.1/myst_997472_2009-07-12_00-00-00_ME_1.1_007.wav,rock has iron or steel in it,2.767,997472
/srv/scratch/chacmod/MyST/myst-v0.3.0-171fbda/corpora/myst/data/997472/myst_997472_2009-07-12_00-00-00_ME_1.1/myst_997472_2009-07-12_00-00-00_ME_1.1_001.wav,good,0.782,997472
/srv/scratch/chacmod/MyST/myst-v0.3.0-171fbda/corpora/myst/data/997472/myst_997472_2009-07-12_00-00-00_ME_1.1/myst_997472_2009-07-12_00-00-00_ME_1.1_011.wav,the one on the top is attracted to the other one a but the one on the bottom is repealing the other,7.912000000000001,997472
/srv/scratch/chacmod/MyST/myst-v0.3.0-171fbda/corpora/myst/data/997472/myst_997472_2009-14-12_00-00-00_ME_1.3/myst_997472_2009-14-12_00-00-00_ME_1.3_016.wav,if you have more spacers the magnets force will be less so therefore your washers that you put in will turn out less because you have the spaces in between the magnets,17.506,997472
/srv/scratch/chacmod/MyST/myst-v0.3.0-171fbda/corpora/myst/data/997472/myst_997472_2009-14-12_00-00-00_ME_1.3/myst_997472_2009-14-12_00-00-00_ME_1.3_010.wav,the magnets had to repel themselves because of the weight on the other side it was too heavy for the f magnet f force to stick together,11.309,997472
/srv/scratch/chacmod/MyST/myst-v0.3.0-171fbda/corpora/myst/data/997472/myst_997472_2009-14-12_00-00-00_ME_1.3/myst_997472_2009-14-12_00-00-00_ME_1.3_002.wav,learning about magnetism,1.953,997472
/srv/scratch/chacmod/MyST/myst-v0.3.0-171fbda/corpora/myst/data/997472/myst_997472_2009-14-12_00-00-00_ME_1.3/myst_997472_2009-14-12_00-00-00_ME_1.3_011.wav,if you decrease the washers the force of the magnets will get less and less and then soon they'll um repel themselves,10.037,997472
/srv/scratch/chacmod/MyST/myst-v0.3.0-171fbda/corpora/myst/data/997472/myst_997472_2009-14-12_00-00-00_ME_1.3/myst_997472_2009-14-12_00-00-00_ME_1.3_015.wav,don't put any spaces in you get a higher number but if you put five spaces in you get like three or two or one or something,8.38,997472
/srv/scratch/chacmod/MyST/myst-v0.3.0-171fbda/corpora/myst/data/997472/myst_997472_2009-14-12_00-00-00_ME_1.3/myst_997472_2009-14-12_00-00-00_ME_1.3_003.wav,you kind of see how many washers it took t for uh the magnet t tise the magnets to separate,8.462,997472
/srv/scratch/chacmod/MyST/myst-v0.3.0-171fbda/corpora/myst/data/997472/myst_997472_2009-14-12_00-00-00_ME_1.3/myst_997472_2009-14-12_00-00-00_ME_1.3_009.wav,um the cup on the right filled with washers is too heavy for the two magnets to stick together anymore,7.511,997472
/srv/scratch/chacmod/MyST/myst-v0.3.0-171fbda/corpora/myst/data/997472/myst_997472_2009-14-12_00-00-00_ME_1.3/myst_997472_2009-14-12_00-00-00_ME_1.3_005.wav,the cup on the right um the nineteen washers inside of it um is breaking the force of the cup on the left which are the two magnets connected,14.014,997472
/srv/scratch/chacmod/MyST/myst-v0.3.0-171fbda/corpora/myst/data/997472/myst_997472_2009-14-12_00-00-00_ME_1.3/myst_997472_2009-14-12_00-00-00_ME_1.3_001.wav,good,0.602,997472
/srv/scratch/chacmod/MyST/myst-v0.3.0-171fbda/corpora/myst/data/997472/myst_997472_2009-14-12_00-00-00_ME_1.3/myst_997472_2009-14-12_00-00-00_ME_1.3_018.wav,i don't know what the answer is,1.413,997472
/srv/scratch/chacmod/MyST/myst-v0.3.0-171fbda/corpora/myst/data/997472/myst_997472_2009-14-12_00-00-00_ME_1.3/myst_997472_2009-14-12_00-00-00_ME_1.3_014.wav,the magnets um repel themselves because of the space is taking away most of the force,7.606,997472
/srv/scratch/chacmod/MyST/myst-v0.3.0-171fbda/corpora/myst/data/997472/myst_997472_2009-14-12_00-00-00_ME_1.3/myst_997472_2009-14-12_00-00-00_ME_1.3_019.wav,the magnet will repel themselves because there's so much space between them that they can't attract anymore,7.147,997472
/srv/scratch/chacmod/MyST/myst-v0.3.0-171fbda/corpora/myst/data/997472/myst_997472_2009-14-12_00-00-00_ME_1.3/myst_997472_2009-14-12_00-00-00_ME_1.3_023.wav,group c just dumped the who whole j dumped five washers in to the cup instead of putting them neatly like the rest of the groups that's why the rest of the groups have more um than five washers,15.548,997472
/srv/scratch/chacmod/MyST/myst-v0.3.0-171fbda/corpora/myst/data/997472/myst_997472_2009-14-12_00-00-00_ME_1.3/myst_997472_2009-14-12_00-00-00_ME_1.3_021.wav,you should have the right material and um just set it up right,5.6560000000000015,997472
/srv/scratch/chacmod/MyST/myst-v0.3.0-171fbda/corpora/myst/data/997472/myst_997472_2009-14-12_00-00-00_ME_1.3/myst_997472_2009-14-12_00-00-00_ME_1.3_008.wav,the washers um are stacked up and if you put them gently on you can count out more but if you like slap em on you'll get less and the magnets will break sooner,16.86,997472
/srv/scratch/chacmod/MyST/myst-v0.3.0-171fbda/corpora/myst/data/997472/myst_997472_2009-14-12_00-00-00_ME_1.3/myst_997472_2009-14-12_00-00-00_ME_1.3_022.wav,follow the instructions and be creative,3.952,997472
/srv/scratch/chacmod/MyST/myst-v0.3.0-171fbda/corpora/myst/data/997472/myst_997472_2009-14-12_00-00-00_ME_1.3/myst_997472_2009-14-12_00-00-00_ME_1.3_012.wav,more washers you put in there um like if you put twenty they'll probably separate quicker,7.068,997472
/srv/scratch/chacmod/MyST/myst-v0.3.0-171fbda/corpora/myst/data/997472/myst_997472_2009-14-12_00-00-00_ME_1.3/myst_997472_2009-14-12_00-00-00_ME_1.3_007.wav,the nineteen washers separated the two magnets if you put the mag if you put the washers inside and count up to nineteen it the two magnets will probably separate by then,14.507,997472
/srv/scratch/chacmod/MyST/myst-v0.3.0-171fbda/corpora/myst/data/997472/myst_997472_2009-14-12_00-00-00_ME_1.3/myst_997472_2009-14-12_00-00-00_ME_1.3_013.wav,spaces in between the two magnets make little force for the magnets so when you put one wash,6.886,997472
/srv/scratch/chacmod/MyST/myst-v0.3.0-171fbda/corpora/myst/data/997472/myst_997472_2009-14-12_00-00-00_ME_1.3/myst_997472_2009-14-12_00-00-00_ME_1.3_004.wav,the nineteen washers um broke the force of the two magnets,6.771,997472
/srv/scratch/chacmod/MyST/myst-v0.3.0-171fbda/corpora/myst/data/997472/myst_997472_2009-14-12_00-00-00_ME_1.3/myst_997472_2009-14-12_00-00-00_ME_1.3_020.wav,if the distance between the magnets are a lot then the less washers it'll need like if you have a lot of spaces in between them you're probably going to end up with one washer,16.46,997472
/srv/scratch/chacmod/MyST/myst-v0.3.0-171fbda/corpora/myst/data/997472/myst_997472_2010-25-01_00-00-00_ME_2.4/myst_997472_2010-25-01_00-00-00_ME_2.4_001.wav,good,0.71,997472
/srv/scratch/chacmod/MyST/myst-v0.3.0-171fbda/corpora/myst/data/997472/myst_997472_2010-25-01_00-00-00_ME_2.4/myst_997472_2010-25-01_00-00-00_ME_2.4_003.wav,there are no wires connected to b,3.958,997472
/srv/scratch/chacmod/MyST/myst-v0.3.0-171fbda/corpora/myst/data/997472/myst_997472_2010-25-01_00-00-00_ME_2.4/myst_997472_2010-25-01_00-00-00_ME_2.4_015.wav,we found out where the wires were by testing them with our um boards to light up the light bulb if we touched two wires and the light bulb didn't light up that means there isn't wires connected to them,20.702,997472
/srv/scratch/chacmod/MyST/myst-v0.3.0-171fbda/corpora/myst/data/997472/myst_997472_2010-25-01_00-00-00_ME_2.4/myst_997472_2010-25-01_00-00-00_ME_2.4_002.wav,today we did this fun mystery thing with wi finding wires,5.893,997472
/srv/scratch/chacmod/MyST/myst-v0.3.0-171fbda/corpora/myst/data/997472/myst_997472_2010-25-01_00-00-00_ME_2.4/myst_997472_2010-25-01_00-00-00_ME_2.4_012.wav,under those brads there's a wire and when the two wires touch the brads s the wire immediately b um makes the open circuit a closed circuit,14.879,997472
/srv/scratch/chacmod/MyST/myst-v0.3.0-171fbda/corpora/myst/data/990015/myst_990015_2008-15-05_00-00-00_MS_4.1/myst_990015_2008-15-05_00-00-00_MS_4.1_050.wav,they're measuring how warm and cold they are and it looks like this one is the warmest this one is pf no wait these two are the same and this use this one's the coldest,17.562,990015
/srv/scratch/chacmod/MyST/myst-v0.3.0-171fbda/corpora/myst/data/990015/myst_990015_2008-15-05_00-00-00_MS_4.1/myst_990015_2008-15-05_00-00-00_MS_4.1_090.wav,i yeah,2.407,990015
/srv/scratch/chacmod/MyST/myst-v0.3.0-171fbda/corpora/myst/data/990015/myst_990015_2008-15-05_00-00-00_MS_4.1/myst_990015_2008-15-05_00-00-00_MS_4.1_098.wav,this one's hot and this one's cold,1.856,990015
/srv/scratch/chacmod/MyST/myst-v0.3.0-171fbda/corpora/myst/data/990015/myst_990015_2008-15-05_00-00-00_MS_4.1/myst_990015_2008-15-05_00-00-00_MS_4.1_084.wav,it's getting colder,1.275,990015
/srv/scratch/chacmod/MyST/myst-v0.3.0-171fbda/corpora/myst/data/990015/myst_990015_2008-15-05_00-00-00_MS_4.1/myst_990015_2008-15-05_00-00-00_MS_4.1_126.wav,no we were using grams,2.067,990015
/srv/scratch/chacmod/MyST/myst-v0.3.0-171fbda/corpora/myst/data/990015/myst_990015_2008-15-05_00-00-00_MS_4.1/myst_990015_2008-15-05_00-00-00_MS_4.1_116.wav,yes,0.53,990015
/srv/scratch/chacmod/MyST/myst-v0.3.0-171fbda/corpora/myst/data/990015/myst_990015_2008-15-05_00-00-00_MS_4.1/myst_990015_2008-15-05_00-00-00_MS_4.1_094.wav,yes and i think it was twenty five degrees,4.3180000000000005,990015
/srv/scratch/chacmod/MyST/myst-v0.3.0-171fbda/corpora/myst/data/990015/myst_990015_2008-15-05_00-00-00_MS_4.1/myst_990015_2008-15-05_00-00-00_MS_4.1_102.wav,yeah,0.429,990015
/srv/scratch/chacmod/MyST/myst-v0.3.0-171fbda/corpora/myst/data/990015/myst_990015_2008-15-05_00-00-00_MS_4.1/myst_990015_2008-15-05_00-00-00_MS_4.1_044.wav,and,1.426,990015
/srv/scratch/chacmod/MyST/myst-v0.3.0-171fbda/corpora/myst/data/990015/myst_990015_2008-15-05_00-00-00_MS_4.1/myst_990015_2008-15-05_00-00-00_MS_4.1_018.wav,because you would cause you can measure easier than with your finger,5.872999999999998,990015
/srv/scratch/chacmod/MyST/myst-v0.3.0-171fbda/corpora/myst/data/990015/myst_990015_2008-15-05_00-00-00_MS_4.1/myst_990015_2008-15-05_00-00-00_MS_4.1_114.wav,um no i don't think we did,3.905,990015
/srv/scratch/chacmod/MyST/myst-v0.3.0-171fbda/corpora/myst/data/990015/myst_990015_2008-15-05_00-00-00_MS_4.1/myst_990015_2008-15-05_00-00-00_MS_4.1_120.wav,centimeters and meters and foot and stuff,5.126,990015
/srv/scratch/chacmod/MyST/myst-v0.3.0-171fbda/corpora/myst/data/990015/myst_990015_2008-15-05_00-00-00_MS_4.1/myst_990015_2008-15-05_00-00-00_MS_4.1_028.wav,yeah,0.444,990015
/srv/scratch/chacmod/MyST/myst-v0.3.0-171fbda/corpora/myst/data/990015/myst_990015_2008-15-05_00-00-00_MS_4.1/myst_990015_2008-15-05_00-00-00_MS_4.1_008.wav,yes,0.58,990015
/srv/scratch/chacmod/MyST/myst-v0.3.0-171fbda/corpora/myst/data/990015/myst_990015_2008-15-05_00-00-00_MS_4.1/myst_990015_2008-15-05_00-00-00_MS_4.1_058.wav,there's some type of liquid in it and when you put it in the water if it's,7.06,990015
/srv/scratch/chacmod/MyST/myst-v0.3.0-171fbda/corpora/myst/data/990015/myst_990015_2008-15-05_00-00-00_MS_4.1/myst_990015_2008-15-05_00-00-00_MS_4.1_052.wav,twenty degrees twenty degrees and this one is i can't really tell,5.256,990015
/srv/scratch/chacmod/MyST/myst-v0.3.0-171fbda/corpora/myst/data/990015/myst_990015_2008-15-05_00-00-00_MS_4.1/myst_990015_2008-15-05_00-00-00_MS_4.1_002.wav,hi hi,1.074,990015
/srv/scratch/chacmod/MyST/myst-v0.3.0-171fbda/corpora/myst/data/990015/myst_990015_2008-15-05_00-00-00_MS_4.1/myst_990015_2008-15-05_00-00-00_MS_4.1_076.wav,right it's going so um,6.15,990015
/srv/scratch/chacmod/MyST/myst-v0.3.0-171fbda/corpora/myst/data/990015/myst_990015_2008-15-05_00-00-00_MS_4.1/myst_990015_2008-15-05_00-00-00_MS_4.1_020.wav,um i forget what they're called um,4.29,990015
/srv/scratch/chacmod/MyST/myst-v0.3.0-171fbda/corpora/myst/data/990015/myst_990015_2008-15-05_00-00-00_MS_4.1/myst_990015_2008-15-05_00-00-00_MS_4.1_062.wav,yeah it goes up and if it's cold it goes down,3.083,990015
/srv/scratch/chacmod/MyST/myst-v0.3.0-171fbda/corpora/myst/data/990015/myst_990015_2008-15-05_00-00-00_MS_4.1/myst_990015_2008-15-05_00-00-00_MS_4.1_086.wav,celsius,0.652,990015
/srv/scratch/chacmod/MyST/myst-v0.3.0-171fbda/corpora/myst/data/990015/myst_990015_2008-15-05_00-00-00_MS_4.1/myst_990015_2008-15-05_00-00-00_MS_4.1_024.wav,yeah i think so,1.305,990015
/srv/scratch/chacmod/MyST/myst-v0.3.0-171fbda/corpora/myst/data/990015/myst_990015_2008-15-05_00-00-00_MS_4.1/myst_990015_2008-15-05_00-00-00_MS_4.1_068.wav,it's getting boiling hot,2.874,990015
/srv/scratch/chacmod/MyST/myst-v0.3.0-171fbda/corpora/myst/data/990015/myst_990015_2008-15-05_00-00-00_MS_4.1/myst_990015_2008-15-05_00-00-00_MS_4.1_106.wav,the um middle maybe,2.887,990015
/srv/scratch/chacmod/MyST/myst-v0.3.0-171fbda/corpora/myst/data/990015/myst_990015_2008-15-05_00-00-00_MS_4.1/myst_990015_2008-15-05_00-00-00_MS_4.1_054.wav,yeah,0.609,990015
/srv/scratch/chacmod/MyST/myst-v0.3.0-171fbda/corpora/myst/data/990015/myst_990015_2008-15-05_00-00-00_MS_4.1/myst_990015_2008-15-05_00-00-00_MS_4.1_038.wav,okay,0.408,990015
/srv/scratch/chacmod/MyST/myst-v0.3.0-171fbda/corpora/myst/data/990015/myst_990015_2008-15-05_00-00-00_MS_4.1/myst_990015_2008-15-05_00-00-00_MS_4.1_122.wav,um yeah,2.213,990015
/srv/scratch/chacmod/MyST/myst-v0.3.0-171fbda/corpora/myst/data/990015/myst_990015_2008-15-05_00-00-00_MS_4.1/myst_990015_2008-15-05_00-00-00_MS_4.1_124.wav,we were like measuring little um like little square things and we were comparing them with other things,10.508,990015
/srv/scratch/chacmod/MyST/myst-v0.3.0-171fbda/corpora/myst/data/990015/myst_990015_2008-15-05_00-00-00_MS_4.1/myst_990015_2008-15-05_00-00-00_MS_4.1_004.wav,yes um we would uh we were measuri we were um,9.929,990015
/srv/scratch/chacmod/MyST/myst-v0.3.0-171fbda/corpora/myst/data/990015/myst_990015_2008-15-05_00-00-00_MS_4.1/myst_990015_2008-15-05_00-00-00_MS_4.1_012.wav,um that the number c was the number a s c was the warmest a was the middle and b was the coldest,11.678,990015
/srv/scratch/chacmod/MyST/myst-v0.3.0-171fbda/corpora/myst/data/990015/myst_990015_2008-15-05_00-00-00_MS_4.1/myst_990015_2008-15-05_00-00-00_MS_4.1_006.wav,we uh,3.927,990015
/srv/scratch/chacmod/MyST/myst-v0.3.0-171fbda/corpora/myst/data/990015/myst_990015_2008-15-05_00-00-00_MS_4.1/myst_990015_2008-15-05_00-00-00_MS_4.1_066.wav,yeah,0.449,990015
/srv/scratch/chacmod/MyST/myst-v0.3.0-171fbda/corpora/myst/data/990015/myst_990015_2008-15-05_00-00-00_MS_4.1/myst_990015_2008-15-05_00-00-00_MS_4.1_088.wav,fahrenheit,0.836,990015
/srv/scratch/chacmod/MyST/myst-v0.3.0-171fbda/corpora/myst/data/990015/myst_990015_2008-15-05_00-00-00_MS_4.1/myst_990015_2008-15-05_00-00-00_MS_4.1_110.wav,no,0.836,990015
/srv/scratch/chacmod/MyST/myst-v0.3.0-171fbda/corpora/myst/data/990015/myst_990015_2008-15-05_00-00-00_MS_4.1/myst_990015_2008-15-05_00-00-00_MS_4.1_016.wav,with our fingers well not yeah pre yeah but not as good as with thermometers,6.924,990015
/srv/scratch/chacmod/MyST/myst-v0.3.0-171fbda/corpora/myst/data/990015/myst_990015_2008-15-05_00-00-00_MS_4.1/myst_990015_2008-15-05_00-00-00_MS_4.1_060.wav,really i don't really know exactly for sure but yeah,6.287000000000001,990015
/srv/scratch/chacmod/MyST/myst-v0.3.0-171fbda/corpora/myst/data/990015/myst_990015_2008-15-05_00-00-00_MS_4.1/myst_990015_2008-15-05_00-00-00_MS_4.1_070.wav,freezing,0.8340000000000001,990015
/srv/scratch/chacmod/MyST/myst-v0.3.0-171fbda/corpora/myst/data/990015/myst_990015_2008-15-05_00-00-00_MS_4.1/myst_990015_2008-15-05_00-00-00_MS_4.1_100.wav,um it would so yo um i don't know do you mean like adding them together,8.36,990015
/srv/scratch/chacmod/MyST/myst-v0.3.0-171fbda/corpora/myst/data/990015/myst_990015_2008-15-05_00-00-00_MS_4.1/myst_990015_2008-15-05_00-00-00_MS_4.1_042.wav,it looks like he is about to dip his finger into the water,7.627999999999999,990015
/srv/scratch/chacmod/MyST/myst-v0.3.0-171fbda/corpora/myst/data/990015/myst_990015_2008-15-05_00-00-00_MS_4.1/myst_990015_2008-15-05_00-00-00_MS_4.1_128.wav,how much it weighed,1.374,990015
/srv/scratch/chacmod/MyST/myst-v0.3.0-171fbda/corpora/myst/data/990015/myst_990015_2008-15-05_00-00-00_MS_4.1/myst_990015_2008-15-05_00-00-00_MS_4.1_092.wav,we would take cold water and we would take hot water and dip and we would pour into the same cup and find out how much it was then,10.842,990015
/srv/scratch/chacmod/MyST/myst-v0.3.0-171fbda/corpora/myst/data/990015/myst_990015_2008-15-05_00-00-00_MS_4.1/myst_990015_2008-15-05_00-00-00_MS_4.1_022.wav,i forgot what they're called,1.307,990015
/srv/scratch/chacmod/MyST/myst-v0.3.0-171fbda/corpora/myst/data/990015/myst_990015_2008-15-05_00-00-00_MS_4.1/myst_990015_2008-15-05_00-00-00_MS_4.1_010.wav,so we were we would have three cups one with and a one with a b and a c and we would have to put our finger in and uh put our finger in all three and see which one was the warmest and see which one was the coldest,16.788,990015
/srv/scratch/chacmod/MyST/myst-v0.3.0-171fbda/corpora/myst/data/990015/myst_990015_2008-15-05_00-00-00_MS_4.1/myst_990015_2008-15-05_00-00-00_MS_4.1_082.wav,i don't know like twelve or something here,2.786,990015
/srv/scratch/chacmod/MyST/myst-v0.3.0-171fbda/corpora/myst/data/990015/myst_990015_2008-15-05_00-00-00_MS_4.1/myst_990015_2008-15-05_00-00-00_MS_4.1_046.wav,um how warm or cold it is maybe,3.744,990015
/srv/scratch/chacmod/MyST/myst-v0.3.0-171fbda/corpora/myst/data/990015/myst_990015_2008-15-05_00-00-00_MS_4.1/myst_990015_2008-15-05_00-00-00_MS_4.1_104.wav,mmm yeah probably maybe mmm no,6.077000000000001,990015
/srv/scratch/chacmod/MyST/myst-v0.3.0-171fbda/corpora/myst/data/990015/myst_990015_2008-15-05_00-00-00_MS_4.1/myst_990015_2008-15-05_00-00-00_MS_4.1_080.wav,maybe um,1.43,990015
/srv/scratch/chacmod/MyST/myst-v0.3.0-171fbda/corpora/myst/data/990015/myst_990015_2008-15-05_00-00-00_MS_4.1/myst_990015_2008-15-05_00-00-00_MS_4.1_118.wav,um i th yeah,3.63,990015
/srv/scratch/chacmod/MyST/myst-v0.3.0-171fbda/corpora/myst/data/990015/myst_990015_2008-15-05_00-00-00_MS_4.1/myst_990015_2008-15-05_00-00-00_MS_4.1_036.wav,okay,0.591,990015
/srv/scratch/chacmod/MyST/myst-v0.3.0-171fbda/corpora/myst/data/990015/myst_990015_2008-15-05_00-00-00_MS_4.1/myst_990015_2008-15-05_00-00-00_MS_4.1_034.wav,uh not really but um not really,8.781,990015
/srv/scratch/chacmod/MyST/myst-v0.3.0-171fbda/corpora/myst/data/990015/myst_990015_2008-15-05_00-00-00_MS_4.1/myst_990015_2008-15-05_00-00-00_MS_4.1_132.wav,yeah,0.45,990015
/srv/scratch/chacmod/MyST/myst-v0.3.0-171fbda/corpora/myst/data/990015/myst_990015_2008-15-05_00-00-00_MS_4.1/myst_990015_2008-15-05_00-00-00_MS_4.1_014.wav,well i don't know i don't know but i think so,7.457999999999998,990015
/srv/scratch/chacmod/MyST/myst-v0.3.0-171fbda/corpora/myst/data/990015/myst_990015_2008-15-05_00-00-00_MS_4.1/myst_990015_2008-15-05_00-00-00_MS_4.1_078.wav,huh um it it's about twenty here and about,6.266,990015
/srv/scratch/chacmod/MyST/myst-v0.3.0-171fbda/corpora/myst/data/990015/myst_990015_2008-15-05_00-00-00_MS_4.1/myst_990015_2008-15-05_00-00-00_MS_4.1_112.wav,cause it's adding warm to it so,2.458,990015
/srv/scratch/chacmod/MyST/myst-v0.3.0-171fbda/corpora/myst/data/990015/myst_990015_2008-15-05_00-00-00_MS_4.1/myst_990015_2008-15-05_00-00-00_MS_4.1_064.wav,yeah,0.532,990015
/srv/scratch/chacmod/MyST/myst-v0.3.0-171fbda/corpora/myst/data/990015/myst_990015_2008-15-05_00-00-00_MS_4.1/myst_990015_2008-15-05_00-00-00_MS_4.1_026.wav,i ca,0.468,990015
/srv/scratch/chacmod/MyST/myst-v0.3.0-171fbda/corpora/myst/data/990015/myst_990015_2008-15-05_00-00-00_MS_4.1/myst_990015_2008-15-05_00-00-00_MS_4.1_072.wav,negative i think,1.569,990015
/srv/scratch/chacmod/MyST/myst-v0.3.0-171fbda/corpora/myst/data/990015/myst_990015_2008-08-05_00-00-00_MS_3.3/myst_990015_2008-08-05_00-00-00_MS_3.3_032.wav,yeah,0.441,990015
/srv/scratch/chacmod/MyST/myst-v0.3.0-171fbda/corpora/myst/data/990015/myst_990015_2008-08-05_00-00-00_MS_3.3/myst_990015_2008-08-05_00-00-00_MS_3.3_024.wav,nine hundred maybe,2.028,990015
/srv/scratch/chacmod/MyST/myst-v0.3.0-171fbda/corpora/myst/data/990015/myst_990015_2008-08-05_00-00-00_MS_3.3/myst_990015_2008-08-05_00-00-00_MS_3.3_090.wav,because if you bought a can of soda and it was all it way filled filled you might not know and it would just like it could come out if it was all the way to the top,14.451,990015
/srv/scratch/chacmod/MyST/myst-v0.3.0-171fbda/corpora/myst/data/990015/myst_990015_2008-08-05_00-00-00_MS_3.3/myst_990015_2008-08-05_00-00-00_MS_3.3_054.wav,yeah,0.529,990015
/srv/scratch/chacmod/MyST/myst-v0.3.0-171fbda/corpora/myst/data/990015/myst_990015_2008-08-05_00-00-00_MS_3.3/myst_990015_2008-08-05_00-00-00_MS_3.3_020.wav,well,0.615,990015
/srv/scratch/chacmod/MyST/myst-v0.3.0-171fbda/corpora/myst/data/990015/myst_990015_2008-08-05_00-00-00_MS_3.3/myst_990015_2008-08-05_00-00-00_MS_3.3_088.wav,no,0.43,990015
/srv/scratch/chacmod/MyST/myst-v0.3.0-171fbda/corpora/myst/data/990015/myst_990015_2008-08-05_00-00-00_MS_3.3/myst_990015_2008-08-05_00-00-00_MS_3.3_016.wav,um yeah,1.6369999999999998,990015
/srv/scratch/chacmod/MyST/myst-v0.3.0-171fbda/corpora/myst/data/990015/myst_990015_2008-08-05_00-00-00_MS_3.3/myst_990015_2008-08-05_00-00-00_MS_3.3_018.wav,um we would take the water in the cup and we would use a syringe and suck it out and put it in that a graduated cylinder and we would um see how much it was and then pour it back into this big cup and we would keep on doing it until we got the final answer,26.348000000000006,990015
/srv/scratch/chacmod/MyST/myst-v0.3.0-171fbda/corpora/myst/data/990015/myst_990015_2008-08-05_00-00-00_MS_3.3/myst_990015_2008-08-05_00-00-00_MS_3.3_028.wav,yeah,0.514,990015
/srv/scratch/chacmod/MyST/myst-v0.3.0-171fbda/corpora/myst/data/990015/myst_990015_2008-08-05_00-00-00_MS_3.3/myst_990015_2008-08-05_00-00-00_MS_3.3_068.wav,maybe,1.04,990015
/srv/scratch/chacmod/MyST/myst-v0.3.0-171fbda/corpora/myst/data/990015/myst_990015_2008-08-05_00-00-00_MS_3.3/myst_990015_2008-08-05_00-00-00_MS_3.3_098.wav,smaller,0.8909999999999999,990015
/srv/scratch/chacmod/MyST/myst-v0.3.0-171fbda/corpora/myst/data/990015/myst_990015_2008-08-05_00-00-00_MS_3.3/myst_990015_2008-08-05_00-00-00_MS_3.3_080.wav,we would measure how much was left,2.212,990015
/srv/scratch/chacmod/MyST/myst-v0.3.0-171fbda/corpora/myst/data/990015/myst_990015_2008-08-05_00-00-00_MS_3.3/myst_990015_2008-08-05_00-00-00_MS_3.3_076.wav,well it was kinda the same way that we did it with the um beaker we used it the same way as that,9.47,990015
/srv/scratch/chacmod/MyST/myst-v0.3.0-171fbda/corpora/myst/data/990015/myst_990015_2008-08-05_00-00-00_MS_3.3/myst_990015_2008-08-05_00-00-00_MS_3.3_042.wav,yeah,0.402,990015
/srv/scratch/chacmod/MyST/myst-v0.3.0-171fbda/corpora/myst/data/990015/myst_990015_2008-08-05_00-00-00_MS_3.3/myst_990015_2008-08-05_00-00-00_MS_3.3_096.wav,you would suck out the water and pour it into a graduated cylinder and then a beaker and keep on doing that and count each time you do it so basically the same way you did it with the other one,12.908,990015
/srv/scratch/chacmod/MyST/myst-v0.3.0-171fbda/corpora/myst/data/990015/myst_990015_2008-08-05_00-00-00_MS_3.3/myst_990015_2008-08-05_00-00-00_MS_3.3_056.wav,yeah i think so,1.743,990015
/srv/scratch/chacmod/MyST/myst-v0.3.0-171fbda/corpora/myst/data/990015/myst_990015_2008-08-05_00-00-00_MS_3.3/myst_990015_2008-08-05_00-00-00_MS_3.3_066.wav,yeah kind of uh wait yeah but,5.164,990015
/srv/scratch/chacmod/MyST/myst-v0.3.0-171fbda/corpora/myst/data/990015/myst_990015_2008-08-05_00-00-00_MS_3.3/myst_990015_2008-08-05_00-00-00_MS_3.3_002.wav,um we w uh we were doing a w two worksheets one about adding and subtracting and one with division,13.373,990015
/srv/scratch/chacmod/MyST/myst-v0.3.0-171fbda/corpora/myst/data/990015/myst_990015_2008-08-05_00-00-00_MS_3.3/myst_990015_2008-08-05_00-00-00_MS_3.3_014.wav,water,0.82,990015
/srv/scratch/chacmod/MyST/myst-v0.3.0-171fbda/corpora/myst/data/990015/myst_990015_2008-08-05_00-00-00_MS_3.3/myst_990015_2008-08-05_00-00-00_MS_3.3_048.wav,i don't really know the answer to that but,3.364,990015
/srv/scratch/chacmod/MyST/myst-v0.3.0-171fbda/corpora/myst/data/990015/myst_990015_2008-08-05_00-00-00_MS_3.3/myst_990015_2008-08-05_00-00-00_MS_3.3_030.wav,not well ten or,2.082,990015
/srv/scratch/chacmod/MyST/myst-v0.3.0-171fbda/corpora/myst/data/990015/myst_990015_2008-08-05_00-00-00_MS_3.3/myst_990015_2008-08-05_00-00-00_MS_3.3_008.wav,um yeah i think so,4.213,990015
/srv/scratch/chacmod/MyST/myst-v0.3.0-171fbda/corpora/myst/data/990015/myst_990015_2008-08-05_00-00-00_MS_3.3/myst_990015_2008-08-05_00-00-00_MS_3.3_070.wav,um yeah we have that um,5.93,990015
/srv/scratch/chacmod/MyST/myst-v0.3.0-171fbda/corpora/myst/data/990015/myst_990015_2008-08-05_00-00-00_MS_3.3/myst_990015_2008-08-05_00-00-00_MS_3.3_104.wav,bigger,0.98,990015
/srv/scratch/chacmod/MyST/myst-v0.3.0-171fbda/corpora/myst/data/990015/myst_990015_2008-08-05_00-00-00_MS_3.3/myst_990015_2008-08-05_00-00-00_MS_3.3_022.wav,so each time you would pour the water into here the graduated cylinder you would put it back into well you would count how many times you would each time you d you poured it into the graduated cylinder and put it back in the beaker it you would count how many each time you did it,20.986,990015
/srv/scratch/chacmod/MyST/myst-v0.3.0-171fbda/corpora/myst/data/990015/myst_990015_2008-08-05_00-00-00_MS_3.3/myst_990015_2008-08-05_00-00-00_MS_3.3_086.wav,yeah it could but it,3.809,990015
/srv/scratch/chacmod/MyST/myst-v0.3.0-171fbda/corpora/myst/data/990015/myst_990015_2008-08-05_00-00-00_MS_3.3/myst_990015_2008-08-05_00-00-00_MS_3.3_044.wav,just a little cup that we were using,2.524,990015
/srv/scratch/chacmod/MyST/myst-v0.3.0-171fbda/corpora/myst/data/990015/myst_990015_2008-08-05_00-00-00_MS_3.3/myst_990015_2008-08-05_00-00-00_MS_3.3_012.wav,i think grams,1.4780000000000002,990015
/srv/scratch/chacmod/MyST/myst-v0.3.0-171fbda/corpora/myst/data/990015/myst_990015_2008-08-05_00-00-00_MS_3.3/myst_990015_2008-08-05_00-00-00_MS_3.3_038.wav,pouring it back into this graduated cylinder,3.06,990015
/srv/scratch/chacmod/MyST/myst-v0.3.0-171fbda/corpora/myst/data/990015/myst_990015_2008-08-05_00-00-00_MS_3.3/myst_990015_2008-08-05_00-00-00_MS_3.3_058.wav,um half of it,3.85,990015
/srv/scratch/chacmod/MyST/myst-v0.3.0-171fbda/corpora/myst/data/990015/myst_990015_2008-08-05_00-00-00_MS_3.3/myst_990015_2008-08-05_00-00-00_MS_3.3_004.wav,well we weren't really doing measuring at all we were just doing math and stuff,4.5310000000000015,990015
/srv/scratch/chacmod/MyST/myst-v0.3.0-171fbda/corpora/myst/data/990015/myst_990015_2008-08-05_00-00-00_MS_3.3/myst_990015_2008-08-05_00-00-00_MS_3.3_082.wav,yeah,0.393,990015
/srv/scratch/chacmod/MyST/myst-v0.3.0-171fbda/corpora/myst/data/990015/myst_990015_2008-08-05_00-00-00_MS_3.3/myst_990015_2008-08-05_00-00-00_MS_3.3_094.wav,um a syringe,1.959,990015
/srv/scratch/chacmod/MyST/myst-v0.3.0-171fbda/corpora/myst/data/990015/myst_990015_2008-08-05_00-00-00_MS_3.3/myst_990015_2008-08-05_00-00-00_MS_3.3_006.wav,um i think so i don't remember,3.557,990015
/srv/scratch/chacmod/MyST/myst-v0.3.0-171fbda/corpora/myst/data/990015/myst_990015_2008-08-05_00-00-00_MS_3.3/myst_990015_2008-08-05_00-00-00_MS_3.3_052.wav,i forgot why they weren't but they i remember that they all weren't the same size,5.377000000000002,990015
/srv/scratch/chacmod/MyST/myst-v0.3.0-171fbda/corpora/myst/data/990015/myst_990015_2008-08-05_00-00-00_MS_3.3/myst_990015_2008-08-05_00-00-00_MS_3.3_034.wav,well you would just suck up the water and then you would just pour it back out,6.752000000000002,990015
/srv/scratch/chacmod/MyST/myst-v0.3.0-171fbda/corpora/myst/data/990015/myst_990015_2008-08-05_00-00-00_MS_3.3/myst_990015_2008-08-05_00-00-00_MS_3.3_040.wav,i don't think we did it that way,2.073,990015
/srv/scratch/chacmod/MyST/myst-v0.3.0-171fbda/corpora/myst/data/990015/myst_990015_2008-08-05_00-00-00_MS_3.3/myst_990015_2008-08-05_00-00-00_MS_3.3_084.wav,no,0.551,990015
/srv/scratch/chacmod/MyST/myst-v0.3.0-171fbda/corpora/myst/data/990015/myst_990015_2008-08-05_00-00-00_MS_3.3/myst_990015_2008-08-05_00-00-00_MS_3.3_050.wav,no because um,2.405,990015
/srv/scratch/chacmod/MyST/myst-v0.3.0-171fbda/corpora/myst/data/990015/myst_990015_2008-08-05_00-00-00_MS_3.3/myst_990015_2008-08-05_00-00-00_MS_3.3_072.wav,i can't really remember but um,3.379,990015
/srv/scratch/chacmod/MyST/myst-v0.3.0-171fbda/corpora/myst/data/990015/myst_990015_2008-08-05_00-00-00_MS_3.3/myst_990015_2008-08-05_00-00-00_MS_3.3_026.wav,yeah,0.42,990015
/srv/scratch/chacmod/MyST/myst-v0.3.0-171fbda/corpora/myst/data/990015/myst_990015_2008-24-04_00-00-00_MS_1.3/myst_990015_2008-24-04_00-00-00_MS_1.3_040.wav,um like you would start from the beginning and like if you were measuring your arm you would take it and like if you were starting here you would put the zero there and you would go up,12.927,990015
/srv/scratch/chacmod/MyST/myst-v0.3.0-171fbda/corpora/myst/data/990015/myst_990015_2008-24-04_00-00-00_MS_1.3/myst_990015_2008-24-04_00-00-00_MS_1.3_046.wav,well the first day we did,2.188,990015
/srv/scratch/chacmod/MyST/myst-v0.3.0-171fbda/corpora/myst/data/990015/myst_990015_2008-24-04_00-00-00_MS_1.3/myst_990015_2008-24-04_00-00-00_MS_1.3_002.wav,hi logan,2.32,990015
/srv/scratch/chacmod/MyST/myst-v0.3.0-171fbda/corpora/myst/data/990015/myst_990015_2008-24-04_00-00-00_MS_1.3/myst_990015_2008-24-04_00-00-00_MS_1.3_134.wav,well this would be long right well no this one would be i don't know really this would be shorter i don't know,8.527000000000001,990015
/srv/scratch/chacmod/MyST/myst-v0.3.0-171fbda/corpora/myst/data/990015/myst_990015_2008-24-04_00-00-00_MS_1.3/myst_990015_2008-24-04_00-00-00_MS_1.3_106.wav,well,0.755,990015
/srv/scratch/chacmod/MyST/myst-v0.3.0-171fbda/corpora/myst/data/990015/myst_990015_2008-24-04_00-00-00_MS_1.3/myst_990015_2008-24-04_00-00-00_MS_1.3_160.wav,mmm hmm mmm hmm you're welcome can i take these off now,4.779,990015
/srv/scratch/chacmod/MyST/myst-v0.3.0-171fbda/corpora/myst/data/990015/myst_990015_2008-24-04_00-00-00_MS_1.3/myst_990015_2008-24-04_00-00-00_MS_1.3_128.wav,um and then i don't really remember what we did after that,4.933,990015
/srv/scratch/chacmod/MyST/myst-v0.3.0-171fbda/corpora/myst/data/990015/myst_990015_2008-24-04_00-00-00_MS_1.3/myst_990015_2008-24-04_00-00-00_MS_1.3_044.wav,oh because it's probably easier to use a meter stick,5.65,990015
/srv/scratch/chacmod/MyST/myst-v0.3.0-171fbda/corpora/myst/data/990015/myst_990015_2008-24-04_00-00-00_MS_1.3/myst_990015_2008-24-04_00-00-00_MS_1.3_052.wav,well i think we were measuring different parts like the length the width and the and different parts of it,6.879,990015
/srv/scratch/chacmod/MyST/myst-v0.3.0-171fbda/corpora/myst/data/990015/myst_990015_2008-24-04_00-00-00_MS_1.3/myst_990015_2008-24-04_00-00-00_MS_1.3_048.wav,well w you would it's kind of hard to explain how we used the straws but we would just like i think each one would be about like twenty inches twenty centimeters or so and then we would just like so if we were measuring the table we would just stack em up and each one would be about twenty centimeters,27.072,990015
/srv/scratch/chacmod/MyST/myst-v0.3.0-171fbda/corpora/myst/data/990015/myst_990015_2008-24-04_00-00-00_MS_1.3/myst_990015_2008-24-04_00-00-00_MS_1.3_146.wav,n mmm,0.961,990015
/srv/scratch/chacmod/MyST/myst-v0.3.0-171fbda/corpora/myst/data/990015/myst_990015_2008-24-04_00-00-00_MS_1.3/myst_990015_2008-24-04_00-00-00_MS_1.3_030.wav,i forgot,1.101,990015
/srv/scratch/chacmod/MyST/myst-v0.3.0-171fbda/corpora/myst/data/990015/myst_990015_2008-24-04_00-00-00_MS_1.3/myst_990015_2008-24-04_00-00-00_MS_1.3_008.wav,um we used this um meter stick that we made for homework,8.449,990015
/srv/scratch/chacmod/MyST/myst-v0.3.0-171fbda/corpora/myst/data/990015/myst_990015_2008-24-04_00-00-00_MS_1.3/myst_990015_2008-24-04_00-00-00_MS_1.3_066.wav,um so that there the right so that they're the right answers,6.3660000000000005,990015
/srv/scratch/chacmod/MyST/myst-v0.3.0-171fbda/corpora/myst/data/990015/myst_990015_2008-24-04_00-00-00_MS_1.3/myst_990015_2008-24-04_00-00-00_MS_1.3_130.wav,yeah,0.632,990015
/srv/scratch/chacmod/MyST/myst-v0.3.0-171fbda/corpora/myst/data/990015/myst_990015_2008-24-04_00-00-00_MS_1.3/myst_990015_2008-24-04_00-00-00_MS_1.3_064.wav,of different it made the answers different,2.285,990015
/srv/scratch/chacmod/MyST/myst-v0.3.0-171fbda/corpora/myst/data/990015/myst_990015_2008-24-04_00-00-00_MS_1.3/myst_990015_2008-24-04_00-00-00_MS_1.3_024.wav,five well it made a big long meter stick we got all the pages we had were five,7.127999999999999,990015
/srv/scratch/chacmod/MyST/myst-v0.3.0-171fbda/corpora/myst/data/990015/myst_990015_2008-24-04_00-00-00_MS_1.3/myst_990015_2008-24-04_00-00-00_MS_1.3_124.wav,yeah yeah well we would do this and e s when somebody else would measure how long you were when you did that,12.861,990015
/srv/scratch/chacmod/MyST/myst-v0.3.0-171fbda/corpora/myst/data/990015/myst_990015_2008-24-04_00-00-00_MS_1.3/myst_990015_2008-24-04_00-00-00_MS_1.3_038.wav,you would like if you were to measure your leg you would just well you would uh,11.507,990015
/srv/scratch/chacmod/MyST/myst-v0.3.0-171fbda/corpora/myst/data/990015/myst_990015_2008-24-04_00-00-00_MS_1.3/myst_990015_2008-24-04_00-00-00_MS_1.3_116.wav,yeah well yeah you could if you wanted to,6.042999999999998,990015
/srv/scratch/chacmod/MyST/myst-v0.3.0-171fbda/corpora/myst/data/990015/myst_990015_2008-24-04_00-00-00_MS_1.3/myst_990015_2008-24-04_00-00-00_MS_1.3_080.wav,well they were sometimes different and well,6.707999999999998,990015
/srv/scratch/chacmod/MyST/myst-v0.3.0-171fbda/corpora/myst/data/990015/myst_990015_2008-24-04_00-00-00_MS_1.3/myst_990015_2008-24-04_00-00-00_MS_1.3_112.wav,huh i don't really know,2.407,990015
/srv/scratch/chacmod/MyST/myst-v0.3.0-171fbda/corpora/myst/data/990015/myst_990015_2008-24-04_00-00-00_MS_1.3/myst_990015_2008-24-04_00-00-00_MS_1.3_042.wav,yeah you would have to start um at the zero,3.795,990015
/srv/scratch/chacmod/MyST/myst-v0.3.0-171fbda/corpora/myst/data/990015/myst_990015_2008-24-04_00-00-00_MS_1.3/myst_990015_2008-24-04_00-00-00_MS_1.3_104.wav,well yeah i think so mmm hmm,4.471,990015
/srv/scratch/chacmod/MyST/myst-v0.3.0-171fbda/corpora/myst/data/990015/myst_990015_2008-24-04_00-00-00_MS_1.3/myst_990015_2008-24-04_00-00-00_MS_1.3_074.wav,uh it's a guess,0.941,990015
/srv/scratch/chacmod/MyST/myst-v0.3.0-171fbda/corpora/myst/data/990015/myst_990015_2008-24-04_00-00-00_MS_1.3/myst_990015_2008-24-04_00-00-00_MS_1.3_010.wav,well we took pieces of paper that had like a ru each one i think had like um they went ten numbers on each little stick and we would glue em on to each other and then we eh yeah,20.947,990015
/srv/scratch/chacmod/MyST/myst-v0.3.0-171fbda/corpora/myst/data/990015/myst_990015_2008-24-04_00-00-00_MS_1.3/myst_990015_2008-24-04_00-00-00_MS_1.3_092.wav,uh i don't well to get better at it and so that i don't really know it's kind of mmm hmm,10.728,990015
/srv/scratch/chacmod/MyST/myst-v0.3.0-171fbda/corpora/myst/data/990015/myst_990015_2008-24-04_00-00-00_MS_1.3/myst_990015_2008-24-04_00-00-00_MS_1.3_004.wav,um no i don't think we did we did it yeah,6.026,990015
/srv/scratch/chacmod/MyST/myst-v0.3.0-171fbda/corpora/myst/data/990015/myst_990015_2008-24-04_00-00-00_MS_1.3/myst_990015_2008-24-04_00-00-00_MS_1.3_154.wav,uh that um i don't really know i can't really think of one but,9.044,990015
/srv/scratch/chacmod/MyST/myst-v0.3.0-171fbda/corpora/myst/data/990015/myst_990015_2008-24-04_00-00-00_MS_1.3/myst_990015_2008-24-04_00-00-00_MS_1.3_126.wav,i don't t yeah your arm span i think mmm hmm,4.85,990015
/srv/scratch/chacmod/MyST/myst-v0.3.0-171fbda/corpora/myst/data/990015/myst_990015_2008-24-04_00-00-00_MS_1.3/myst_990015_2008-24-04_00-00-00_MS_1.3_034.wav,meter stick,1.501,990015
/srv/scratch/chacmod/MyST/myst-v0.3.0-171fbda/corpora/myst/data/990015/myst_990015_2008-24-04_00-00-00_MS_1.3/myst_990015_2008-24-04_00-00-00_MS_1.3_032.wav,oh yeah they were called m centimeters,2.5380000000000003,990015
/srv/scratch/chacmod/MyST/myst-v0.3.0-171fbda/corpora/myst/data/990015/myst_990015_2008-24-04_00-00-00_MS_1.3/myst_990015_2008-24-04_00-00-00_MS_1.3_088.wav,to get better at it so that um,5.3260000000000005,990015
/srv/scratch/chacmod/MyST/myst-v0.3.0-171fbda/corpora/myst/data/990015/myst_990015_2008-24-04_00-00-00_MS_1.3/myst_990015_2008-24-04_00-00-00_MS_1.3_018.wav,well maybe i think oh wait each stick had twen n twenty on each so there was about five,7.542999999999998,990015
/srv/scratch/chacmod/MyST/myst-v0.3.0-171fbda/corpora/myst/data/990015/myst_990015_2008-24-04_00-00-00_MS_1.3/myst_990015_2008-24-04_00-00-00_MS_1.3_100.wav,or like so it could fit in the room or like if you were buying a bed you would need to know the size of it so it wasn't too small or big for you,9.823,990015
/srv/scratch/chacmod/MyST/myst-v0.3.0-171fbda/corpora/myst/data/990015/myst_990015_2008-24-04_00-00-00_MS_1.3/myst_990015_2008-24-04_00-00-00_MS_1.3_132.wav,no,0.94,990015
/srv/scratch/chacmod/MyST/myst-v0.3.0-171fbda/corpora/myst/data/990015/myst_990015_2008-24-04_00-00-00_MS_1.3/myst_990015_2008-24-04_00-00-00_MS_1.3_050.wav,n no,1.187,990015
/srv/scratch/chacmod/MyST/myst-v0.3.0-171fbda/corpora/myst/data/990015/myst_990015_2008-24-04_00-00-00_MS_1.3/myst_990015_2008-24-04_00-00-00_MS_1.3_086.wav,yeah,0.6940000000000001,990015
/srv/scratch/chacmod/MyST/myst-v0.3.0-171fbda/corpora/myst/data/990015/myst_990015_2008-24-04_00-00-00_MS_1.3/myst_990015_2008-24-04_00-00-00_MS_1.3_094.wav,yeah,0.722,990015
/srv/scratch/chacmod/MyST/myst-v0.3.0-171fbda/corpora/myst/data/990015/myst_990015_2008-24-04_00-00-00_MS_1.3/myst_990015_2008-24-04_00-00-00_MS_1.3_156.wav,you're welcome,1.329,990015
/srv/scratch/chacmod/MyST/myst-v0.3.0-171fbda/corpora/myst/data/990015/myst_990015_2008-24-04_00-00-00_MS_1.3/myst_990015_2008-24-04_00-00-00_MS_1.3_122.wav,well if you were standing up you would start at your feet and you would just like use it you could just you could like if it was up to there you can just put your finger there and you would put the meter stick like in the and like you would put at the bottom of it right there yeah,20.393,990015
/srv/scratch/chacmod/MyST/myst-v0.3.0-171fbda/corpora/myst/data/990015/myst_990015_2008-24-04_00-00-00_MS_1.3/myst_990015_2008-24-04_00-00-00_MS_1.3_016.wav,like at i don't really remember i think like ten,4.359,990015
/srv/scratch/chacmod/MyST/myst-v0.3.0-171fbda/corpora/myst/data/990015/myst_990015_2008-24-04_00-00-00_MS_1.3/myst_990015_2008-24-04_00-00-00_MS_1.3_006.wav,well we were measuring like how big we are and parts of a and measure how big the parts of our body were like our ear and our nose and our legs and stuff like that,15.66,990015
/srv/scratch/chacmod/MyST/myst-v0.3.0-171fbda/corpora/myst/data/990015/myst_990015_2008-24-04_00-00-00_MS_1.3/myst_990015_2008-24-04_00-00-00_MS_1.3_060.wav,they were different sizes actually they were different sizes that's what i meant to say,6.227,990015
/srv/scratch/chacmod/MyST/myst-v0.3.0-171fbda/corpora/myst/data/990015/myst_990015_2008-24-04_00-00-00_MS_1.3/myst_990015_2008-24-04_00-00-00_MS_1.3_098.wav,like if you're going to buy a bed well like a chair or something you would have to measure like how big the chair needed to be for you,9.397,990015
/srv/scratch/chacmod/MyST/myst-v0.3.0-171fbda/corpora/myst/data/990015/myst_990015_2008-24-04_00-00-00_MS_1.3/myst_990015_2008-24-04_00-00-00_MS_1.3_056.wav,maybe cause they were measuring different parts of it,2.3,990015
/srv/scratch/chacmod/MyST/myst-v0.3.0-171fbda/corpora/myst/data/990015/myst_990015_2008-24-04_00-00-00_MS_1.3/myst_990015_2008-24-04_00-00-00_MS_1.3_136.wav,i don't,0.695,990015
/srv/scratch/chacmod/MyST/myst-v0.3.0-171fbda/corpora/myst/data/990015/myst_990015_2008-24-04_00-00-00_MS_1.3/myst_990015_2008-24-04_00-00-00_MS_1.3_076.wav,mmm hmm yeah,1.882,990015
/srv/scratch/chacmod/MyST/myst-v0.3.0-171fbda/corpora/myst/data/990015/myst_990015_2008-24-04_00-00-00_MS_1.3/myst_990015_2008-24-04_00-00-00_MS_1.3_082.wav,sometimes they were different well,3.2310000000000003,990015
/srv/scratch/chacmod/MyST/myst-v0.3.0-171fbda/corpora/myst/data/990015/myst_990015_2008-24-04_00-00-00_MS_1.3/myst_990015_2008-24-04_00-00-00_MS_1.3_072.wav,well i think we had to measure how tall we were and uh we would have to estimate that and we would guess and then we had to find out the real answer,14.979,990015
/srv/scratch/chacmod/MyST/myst-v0.3.0-171fbda/corpora/myst/data/990015/myst_990015_2008-24-04_00-00-00_MS_1.3/myst_990015_2008-24-04_00-00-00_MS_1.3_114.wav,yeah uh huh,3.3680000000000003,990015
/srv/scratch/chacmod/MyST/myst-v0.3.0-171fbda/corpora/myst/data/990015/myst_990015_2008-24-04_00-00-00_MS_1.3/myst_990015_2008-24-04_00-00-00_MS_1.3_120.wav,well um i used i estimated pretty by i was one off by estimating yeah yeah,10.83,990015
/srv/scratch/chacmod/MyST/myst-v0.3.0-171fbda/corpora/myst/data/990015/myst_990015_2008-24-04_00-00-00_MS_1.3/myst_990015_2008-24-04_00-00-00_MS_1.3_150.wav,that um a lot of people use measurement to do well we use measurement a lot and it all started i think a long time ago when there was like kings and stuff and yeah well it's kind of well i don't really know what the main part that we learned is but,27.065,990015
/srv/scratch/chacmod/MyST/myst-v0.3.0-171fbda/corpora/myst/data/990015/myst_990015_2008-24-04_00-00-00_MS_1.3/myst_990015_2008-24-04_00-00-00_MS_1.3_144.wav,maybe you're body or something,2.248,990015
/srv/scratch/chacmod/MyST/myst-v0.3.0-171fbda/corpora/myst/data/990015/myst_990015_2008-24-04_00-00-00_MS_1.3/myst_990015_2008-24-04_00-00-00_MS_1.3_140.wav,not really w,3.337,990015
/srv/scratch/chacmod/MyST/myst-v0.3.0-171fbda/corpora/myst/data/990015/myst_990015_2008-24-04_00-00-00_MS_1.3/myst_990015_2008-24-04_00-00-00_MS_1.3_022.wav,like actually five so each one had twenty on it,3.893,990015
/srv/scratch/chacmod/MyST/myst-v0.3.0-171fbda/corpora/myst/data/990015/myst_990015_2008-24-04_00-00-00_MS_1.3/myst_990015_2008-24-04_00-00-00_MS_1.3_110.wav,well that everybody can know how long a meter is so they can well,9.762,990015
/srv/scratch/chacmod/MyST/myst-v0.3.0-171fbda/corpora/myst/data/990015/myst_990015_2008-24-04_00-00-00_MS_1.3/myst_990015_2008-24-04_00-00-00_MS_1.3_078.wav,yeah,0.7959999999999999,990015
/srv/scratch/chacmod/MyST/myst-v0.3.0-171fbda/corpora/myst/data/013211/myst_013211_2015-02-10_10-10-56_EE_2.3/myst_013211_2015-02-10_10-10-56_EE_2.3_020.wav,it keeps lighting because uhm the other ones are still a circuit,8.4993125,13211
/srv/scratch/chacmod/MyST/myst-v0.3.0-171fbda/corpora/myst/data/013211/myst_013211_2015-02-10_10-10-56_EE_2.3/myst_013211_2015-02-10_10-10-56_EE_2.3_024.wav,we learned about parallel and series circuits,4.601875,13211
/srv/scratch/chacmod/MyST/myst-v0.3.0-171fbda/corpora/myst/data/013211/myst_013211_2015-02-10_10-10-56_EE_2.3/myst_013211_2015-02-10_10-10-56_EE_2.3_022.wav,they go out too,1.4531875,13211
/srv/scratch/chacmod/MyST/myst-v0.3.0-171fbda/corpora/myst/data/013211/myst_013211_2015-02-10_10-10-56_EE_2.3/myst_013211_2015-02-10_10-10-56_EE_2.3_016.wav,it won't go out because that is still a parallel circuit oh not it's not sorry,7.6238125,13211
/srv/scratch/chacmod/MyST/myst-v0.3.0-171fbda/corpora/myst/data/013211/myst_013211_2015-02-10_10-10-56_EE_2.3/myst_013211_2015-02-10_10-10-56_EE_2.3_003.wav,what is a string of light,2.6585625,13211
/srv/scratch/chacmod/MyST/myst-v0.3.0-171fbda/corpora/myst/data/013211/myst_013211_2015-02-10_10-10-56_EE_2.3/myst_013211_2015-02-10_10-10-56_EE_2.3_015.wav,uhm it is still a circuit because uhm one side is both sides are connected so if one goes out then the other one stays lit,11.615,13211
/srv/scratch/chacmod/MyST/myst-v0.3.0-171fbda/corpora/myst/data/013211/myst_013211_2015-02-10_10-10-56_EE_2.3/myst_013211_2015-02-10_10-10-56_EE_2.3_014.wav,it doesn't go out because that's a parallel circuit so it is still working,8.4874375,13211
/srv/scratch/chacmod/MyST/myst-v0.3.0-171fbda/corpora/myst/data/013211/myst_013211_2015-02-10_10-10-56_EE_2.3/myst_013211_2015-02-10_10-10-56_EE_2.3_001.wav,good hi,2.71875,13211
/srv/scratch/chacmod/MyST/myst-v0.3.0-171fbda/corpora/myst/data/013211/myst_013211_2015-02-10_10-10-56_EE_2.3/myst_013211_2015-02-10_10-10-56_EE_2.3_008.wav,okay,1.1396875,13211
/srv/scratch/chacmod/MyST/myst-v0.3.0-171fbda/corpora/myst/data/013211/myst_013211_2015-02-10_10-10-56_EE_2.3/myst_013211_2015-02-10_10-10-56_EE_2.3_002.wav,we're learning about magnetism and electricity,4.6371875,13211
/srv/scratch/chacmod/MyST/myst-v0.3.0-171fbda/corpora/myst/data/013211/myst_013211_2015-02-10_10-10-56_EE_2.3/myst_013211_2015-02-10_10-10-56_EE_2.3_010.wav,it goes on,2.45125,13211
/srv/scratch/chacmod/MyST/myst-v0.3.0-171fbda/corpora/myst/data/013211/myst_013211_2015-02-10_10-10-56_EE_2.3/myst_013211_2015-02-10_10-10-56_EE_2.3_019.wav,it is still going on one side,3.3384375,13211
/srv/scratch/chacmod/MyST/myst-v0.3.0-171fbda/corpora/myst/data/013211/myst_013211_2015-02-10_10-10-56_EE_2.3/myst_013211_2015-02-10_10-10-56_EE_2.3_021.wav,uhm the one if one goes out it's a series so if one goes out the other one goes out,10.2815625,13211
/srv/scratch/chacmod/MyST/myst-v0.3.0-171fbda/corpora/myst/data/013211/myst_013211_2015-02-10_10-10-56_EE_2.3/myst_013211_2015-02-10_10-10-56_EE_2.3_012.wav,when one goes out the other one goes out too,3.87975,13211
/srv/scratch/chacmod/MyST/myst-v0.3.0-171fbda/corpora/myst/data/013211/myst_013211_2015-02-10_10-10-56_EE_2.3/myst_013211_2015-02-10_10-10-56_EE_2.3_013.wav,it stops the flow of electricity,2.8569375,13211
/srv/scratch/chacmod/MyST/myst-v0.3.0-171fbda/corpora/myst/data/013211/myst_013211_2015-02-10_10-10-56_EE_2.3/myst_013211_2015-02-10_10-10-56_EE_2.3_009.wav,the other one goes out,2.1416875,13211
/srv/scratch/chacmod/MyST/myst-v0.3.0-171fbda/corpora/myst/data/013211/myst_013211_2015-02-10_10-10-56_EE_2.3/myst_013211_2015-02-10_10-10-56_EE_2.3_007.wav,parallel lights,2.27625,13211
/srv/scratch/chacmod/MyST/myst-v0.3.0-171fbda/corpora/myst/data/013211/myst_013211_2015-02-10_10-10-56_EE_2.3/myst_013211_2015-02-10_10-10-56_EE_2.3_006.wav,the rest the rest go out,2.927,13211
/srv/scratch/chacmod/MyST/myst-v0.3.0-171fbda/corpora/myst/data/013211/myst_013211_2015-02-10_10-10-56_EE_2.3/myst_013211_2015-02-10_10-10-56_EE_2.3_011.wav,uhm one light is out but the other one is is still going,5.4240625,13211
/srv/scratch/chacmod/MyST/myst-v0.3.0-171fbda/corpora/myst/data/013211/myst_013211_2015-02-10_10-10-56_EE_2.3/myst_013211_2015-02-10_10-10-56_EE_2.3_005.wav,i see that it turns on,3.3083125,13211
/srv/scratch/chacmod/MyST/myst-v0.3.0-171fbda/corpora/myst/data/013211/myst_013211_2015-02-10_10-10-56_EE_2.3/myst_013211_2015-02-10_10-10-56_EE_2.3_017.wav,uhm one side of the one side of the uhm both sides are parallel so they both go through the energy does,12.207125,13211
/srv/scratch/chacmod/MyST/myst-v0.3.0-171fbda/corpora/myst/data/013211/myst_013211_2015-02-10_10-10-56_EE_2.3/myst_013211_2015-02-10_10-10-56_EE_2.3_004.wav,it is a circuit but the uhm it isn't flowing because the switch is off,8.6845,13211
/srv/scratch/chacmod/MyST/myst-v0.3.0-171fbda/corpora/myst/data/013211/myst_013211_2015-02-10_10-10-56_EE_2.3/myst_013211_2015-02-10_10-10-56_EE_2.3_018.wav,uhm they're still connected to the bulb it's still a circuit with all of them,6.1970625,13211
/srv/scratch/chacmod/MyST/myst-v0.3.0-171fbda/corpora/myst/data/013211/myst_013211_2015-02-10_10-10-56_EE_2.3/myst_013211_2015-02-10_10-10-56_EE_2.3_023.wav,because it's using the same wires and they're both only in one circuit,6.5043125,13211
/srv/scratch/chacmod/MyST/myst-v0.3.0-171fbda/corpora/myst/data/013211/myst_013211_2015-01-13_10-10-34_EE_1.3/myst_013211_2015-01-13_10-10-34_EE_1.3_005.wav,a conductor carries the electricity around,6.0210625,13211
/srv/scratch/chacmod/MyST/myst-v0.3.0-171fbda/corpora/myst/data/013211/myst_013211_2015-01-13_10-10-34_EE_1.3/myst_013211_2015-01-13_10-10-34_EE_1.3_009.wav,the object is uhm can not have,5.973875,13211
/srv/scratch/chacmod/MyST/myst-v0.3.0-171fbda/corpora/myst/data/013211/myst_013211_2015-01-13_10-10-34_EE_1.3/myst_013211_2015-01-13_10-10-34_EE_1.3_017.wav,uhm we've talked about the conductors and insulators and how insulators make uhm the energy not go around the circuit and conductors help the energy go through the circuit,22.490375,13211
/srv/scratch/chacmod/MyST/myst-v0.3.0-171fbda/corpora/myst/data/013211/myst_013211_2015-01-13_10-10-34_EE_1.3/myst_013211_2015-01-13_10-10-34_EE_1.3_001.wav,good,1.1875,13211
/srv/scratch/chacmod/MyST/myst-v0.3.0-171fbda/corpora/myst/data/013211/myst_013211_2015-01-13_10-10-34_EE_1.3/myst_013211_2015-01-13_10-10-34_EE_1.3_011.wav,it doesn't spin,1.68525,13211
/srv/scratch/chacmod/MyST/myst-v0.3.0-171fbda/corpora/myst/data/013211/myst_013211_2015-01-13_10-10-34_EE_1.3/myst_013211_2015-01-13_10-10-34_EE_1.3_003.wav,the metal uhm there is a circuit uhm with flowing energy which is making the motor spin,10.9136875,13211
/srv/scratch/chacmod/MyST/myst-v0.3.0-171fbda/corpora/myst/data/013211/myst_013211_2015-01-13_10-10-34_EE_1.3/myst_013211_2015-01-13_10-10-34_EE_1.3_004.wav,uhm the electricity flows through the nail through the metal in the nail uhm then through the switch even though it's open then through the wire back to the energy out out the other out the negative side into the motor and it keeps doing that uhm yeah,25.7030625,13211
/srv/scratch/chacmod/MyST/myst-v0.3.0-171fbda/corpora/myst/data/013211/myst_013211_2015-01-13_10-10-34_EE_1.3/myst_013211_2015-01-13_10-10-34_EE_1.3_015.wav,uhm it is a metal,3.107375,13211
/srv/scratch/chacmod/MyST/myst-v0.3.0-171fbda/corpora/myst/data/013211/myst_013211_2015-01-13_10-10-34_EE_1.3/myst_013211_2015-01-13_10-10-34_EE_1.3_016.wav,so they're not dangerous to touch,2.455625,13211
/srv/scratch/chacmod/MyST/myst-v0.3.0-171fbda/corpora/myst/data/013211/myst_013211_2015-01-13_10-10-34_EE_1.3/myst_013211_2015-01-13_10-10-34_EE_1.3_014.wav,they are metal,2.3360625,13211
/srv/scratch/chacmod/MyST/myst-v0.3.0-171fbda/corpora/myst/data/013211/myst_013211_2015-01-13_10-10-34_EE_1.3/myst_013211_2015-01-13_10-10-34_EE_1.3_002.wav,learning about uhm electricity,4.0890625,13211
/srv/scratch/chacmod/MyST/myst-v0.3.0-171fbda/corpora/myst/data/013211/myst_013211_2015-01-13_10-10-34_EE_1.3/myst_013211_2015-01-13_10-10-34_EE_1.3_010.wav,uhm the the uhm the stick can't have electricity running through it,14.2864375,13211
/srv/scratch/chacmod/MyST/myst-v0.3.0-171fbda/corpora/myst/data/013211/myst_013211_2015-01-13_10-10-34_EE_1.3/myst_013211_2015-01-13_10-10-34_EE_1.3_007.wav,uhm the nail is uhm the energy going through the nail into the uhm switch uhm into the wires and then that completing the circuit around into the motor so the motor is running,21.6999375,13211
/srv/scratch/chacmod/MyST/myst-v0.3.0-171fbda/corpora/myst/data/013211/myst_013211_2015-01-13_10-10-34_EE_1.3/myst_013211_2015-01-13_10-10-34_EE_1.3_008.wav,some objects uhm let the motor spin because they're metal and they complete the they are conductors and they complete the circuit,12.5840625,13211
/srv/scratch/chacmod/MyST/myst-v0.3.0-171fbda/corpora/myst/data/013211/myst_013211_2015-01-13_10-10-34_EE_1.3/myst_013211_2015-01-13_10-10-34_EE_1.3_006.wav,uhm if you uhm some objects are metal and are conductors so the energy can flow through them into the switch,13.743625,13211
/srv/scratch/chacmod/MyST/myst-v0.3.0-171fbda/corpora/myst/data/013211/myst_013211_2015-01-13_10-10-34_EE_1.3/myst_013211_2015-01-13_10-10-34_EE_1.3_012.wav,uhm the electricity can't flow through the object that is an insulator uhm it can't complete the circuit the energy just stops,12.659,13211
/srv/scratch/chacmod/MyST/myst-v0.3.0-171fbda/corpora/myst/data/013211/myst_013211_2015-01-13_10-10-34_EE_1.3/myst_013211_2015-01-13_10-10-34_EE_1.3_013.wav,uhm they help they let electricity flow through the circuit smoothly,7.1105,13211
/srv/scratch/chacmod/MyST/myst-v0.3.0-171fbda/corpora/myst/data/022212/myst_022212_2015-01-16_11-23-54_LS_3.1/myst_022212_2015-01-16_11-23-54_LS_3.1_007.wav,no idea maybe a chainsaw leaf,5.6278125,22212
/srv/scratch/chacmod/MyST/myst-v0.3.0-171fbda/corpora/myst/data/022212/myst_022212_2015-01-16_11-23-54_LS_3.1/myst_022212_2015-01-16_11-23-54_LS_3.1_003.wav,they all have veins,1.3041875,22212
/srv/scratch/chacmod/MyST/myst-v0.3.0-171fbda/corpora/myst/data/022212/myst_022212_2015-01-16_11-23-54_LS_3.1/myst_022212_2015-01-16_11-23-54_LS_3.1_004.wav,uhm all of the leafs all the leafs uhm all the leafs uhm all the leafs are named for all the leaves are named from how they look,25.0085,22212
/srv/scratch/chacmod/MyST/myst-v0.3.0-171fbda/corpora/myst/data/022212/myst_022212_2015-01-16_11-23-54_LS_3.1/myst_022212_2015-01-16_11-23-54_LS_3.1_001.wav,i am doing great how are you doing today,4.28125,22212
/srv/scratch/chacmod/MyST/myst-v0.3.0-171fbda/corpora/myst/data/022212/myst_022212_2015-01-16_11-23-54_LS_3.1/myst_022212_2015-01-16_11-23-54_LS_3.1_013.wav,i don't know,0.75,22212
/srv/scratch/chacmod/MyST/myst-v0.3.0-171fbda/corpora/myst/data/022212/myst_022212_2015-01-16_11-23-54_LS_3.1/myst_022212_2015-01-16_11-23-54_LS_3.1_002.wav,it is a leaf and veins,5.24925,22212
/srv/scratch/chacmod/MyST/myst-v0.3.0-171fbda/corpora/myst/data/022212/myst_022212_2015-01-16_11-23-54_LS_3.1/myst_022212_2015-01-16_11-23-54_LS_3.1_012.wav,showing labels of uhm it's showing coming up blue coming up and coming down so it's showing a leaf it't showing the roots coming up to the leaf,15.02525,22212
/srv/scratch/chacmod/MyST/myst-v0.3.0-171fbda/corpora/myst/data/022212/myst_022212_2015-01-16_11-23-54_LS_3.1/myst_022212_2015-01-16_11-23-54_LS_3.1_006.wav,it's a hand leaf so stop bugging me just kidding me it's a hand palmate leaf,8.434375,22212
/srv/scratch/chacmod/MyST/myst-v0.3.0-171fbda/corpora/myst/data/022212/myst_022212_2015-01-16_11-23-54_LS_3.1/myst_022212_2015-01-16_11-23-54_LS_3.1_010.wav,it's the circulatory system,2.461875,22212
/srv/scratch/chacmod/MyST/myst-v0.3.0-171fbda/corpora/myst/data/022212/myst_022212_2015-01-16_11-23-54_LS_3.1/myst_022212_2015-01-16_11-23-54_LS_3.1_005.wav,it's a parallel leaf,2.1258125,22212
/srv/scratch/chacmod/MyST/myst-v0.3.0-171fbda/corpora/myst/data/022212/myst_022212_2015-01-16_11-23-54_LS_3.1/myst_022212_2015-01-16_11-23-54_LS_3.1_014.wav,uhm it shows water,5.0150625,22212
/srv/scratch/chacmod/MyST/myst-v0.3.0-171fbda/corpora/myst/data/022212/myst_022212_2015-01-16_11-23-54_LS_3.1/myst_022212_2015-01-16_11-23-54_LS_3.1_011.wav,uhm i don't know uhm it looks like a circulatory system,6.3503125,22212
/srv/scratch/chacmod/MyST/myst-v0.3.0-171fbda/corpora/myst/data/022212/myst_022212_2015-01-16_11-23-54_LS_3.1/myst_022212_2015-01-16_11-23-54_LS_3.1_008.wav,the edges look like a chainsaw and the veins make it look like a feather so maybe it's a feather chainsaw,9.83575,22212
/srv/scratch/chacmod/MyST/myst-v0.3.0-171fbda/corpora/myst/data/022212/myst_022212_2015-01-16_11-10-31_LS_2.3/myst_022212_2015-01-16_11-10-31_LS_2.3_005.wav,it's different types of cells,2.929125,22212
/srv/scratch/chacmod/MyST/myst-v0.3.0-171fbda/corpora/myst/data/022212/myst_022212_2015-01-16_11-10-31_LS_2.3/myst_022212_2015-01-16_11-10-31_LS_2.3_007.wav,the human cells have are different because they're they aren't don't aren't similar,10.5015,22212
/srv/scratch/chacmod/MyST/myst-v0.3.0-171fbda/corpora/myst/data/022212/myst_022212_2015-01-16_11-10-31_LS_2.3/myst_022212_2015-01-16_11-10-31_LS_2.3_019.wav,it's the digestive system for humans and for butterflies,6.2599375,22212
/srv/scratch/chacmod/MyST/myst-v0.3.0-171fbda/corpora/myst/data/022212/myst_022212_2015-01-16_11-10-31_LS_2.3/myst_022212_2015-01-16_11-10-31_LS_2.3_012.wav,i see regular cells,2.68,22212
/srv/scratch/chacmod/MyST/myst-v0.3.0-171fbda/corpora/myst/data/022212/myst_022212_2015-01-16_11-10-31_LS_2.3/myst_022212_2015-01-16_11-10-31_LS_2.3_015.wav,have millions and billions and trillions of cells and yeast only has one,8.4089375,22212
/srv/scratch/chacmod/MyST/myst-v0.3.0-171fbda/corpora/myst/data/022212/myst_022212_2015-01-16_11-10-31_LS_2.3/myst_022212_2015-01-16_11-10-31_LS_2.3_001.wav,good how are you,1.96875,22212
/srv/scratch/chacmod/MyST/myst-v0.3.0-171fbda/corpora/myst/data/022212/myst_022212_2015-01-16_11-10-31_LS_2.3/myst_022212_2015-01-16_11-10-31_LS_2.3_009.wav,that they're muscle and they're cells,5.0496875,22212
/srv/scratch/chacmod/MyST/myst-v0.3.0-171fbda/corpora/myst/data/022212/myst_022212_2015-01-16_11-10-31_LS_2.3/myst_022212_2015-01-16_11-10-31_LS_2.3_027.wav,the stomach stores food and it also breaks down food well it doesn't store food but it breaks down food for further digestive it breaks down the food for further,17.7675625,22212
/srv/scratch/chacmod/MyST/myst-v0.3.0-171fbda/corpora/myst/data/022212/myst_022212_2015-01-16_11-10-31_LS_2.3/myst_022212_2015-01-16_11-10-31_LS_2.3_016.wav,well i don't know but i think have humans have more cells but if you're talking about yeast there is a lot more yeast so but i still think humans have more cells,12.824000000000002,22212
/srv/scratch/chacmod/MyST/myst-v0.3.0-171fbda/corpora/myst/data/022212/myst_022212_2015-01-16_11-10-31_LS_2.3/myst_022212_2015-01-16_11-10-31_LS_2.3_028.wav,the intestines uhm absorb the water and nutrients,7.9015625,22212
/srv/scratch/chacmod/MyST/myst-v0.3.0-171fbda/corpora/myst/data/022212/myst_022212_2015-01-16_11-10-31_LS_2.3/myst_022212_2015-01-16_11-10-31_LS_2.3_017.wav,this i don't know what it has to do with what we're talking about,6.9023125,22212
/srv/scratch/chacmod/MyST/myst-v0.3.0-171fbda/corpora/myst/data/022212/myst_022212_2015-01-16_11-10-31_LS_2.3/myst_022212_2015-01-16_11-10-31_LS_2.3_022.wav,uhm it basically digests stuff and puts it into your body and puts the nutrients into your cells and yeah,14.509625,22212
/srv/scratch/chacmod/MyST/myst-v0.3.0-171fbda/corpora/myst/data/022212/myst_022212_2015-01-16_11-10-31_LS_2.3/myst_022212_2015-01-16_11-10-31_LS_2.3_029.wav,sure digestive systems cells those are the main points,6.6465,22212
/srv/scratch/chacmod/MyST/myst-v0.3.0-171fbda/corpora/myst/data/022212/myst_022212_2015-01-16_11-10-31_LS_2.3/myst_022212_2015-01-16_11-10-31_LS_2.3_011.wav,it shows me the brain cells,3.0073125,22212
/srv/scratch/chacmod/MyST/myst-v0.3.0-171fbda/corpora/myst/data/022212/myst_022212_2015-01-16_11-10-31_LS_2.3/myst_022212_2015-01-16_11-10-31_LS_2.3_010.wav,well technically what's up is the hair but anyway the brain cells are micro they're smaller and they make up memory,14.173375,22212
/srv/scratch/chacmod/MyST/myst-v0.3.0-171fbda/corpora/myst/data/022212/myst_022212_2015-01-16_11-10-31_LS_2.3/myst_022212_2015-01-16_11-10-31_LS_2.3_021.wav,it's showing us the digestive system,8.43825,22212
/srv/scratch/chacmod/MyST/myst-v0.3.0-171fbda/corpora/myst/data/022212/myst_022212_2015-01-16_11-10-31_LS_2.3/myst_022212_2015-01-16_11-10-31_LS_2.3_014.wav,skin bone blood organs,7.282625,22212
/srv/scratch/chacmod/MyST/myst-v0.3.0-171fbda/corpora/myst/data/022212/myst_022212_2015-01-16_11-10-31_LS_2.3/myst_022212_2015-01-16_11-10-31_LS_2.3_002.wav,uhm food webs and systems and cleaves,8.110625,22212
/srv/scratch/chacmod/MyST/myst-v0.3.0-171fbda/corpora/myst/data/022212/myst_022212_2015-01-16_11-10-31_LS_2.3/myst_022212_2015-01-16_11-10-31_LS_2.3_026.wav,it i don't know what it does in the digestive system all i know is it pushes food down into your stomach which is for the digestive system and the rest yeah,11.0446875,22212
/srv/scratch/chacmod/MyST/myst-v0.3.0-171fbda/corpora/myst/data/022212/myst_022212_2015-01-16_11-10-31_LS_2.3/myst_022212_2015-01-16_11-10-31_LS_2.3_004.wav,that yeast is alive and everything that has a cell or cells is alive,8.58125,22212
/srv/scratch/chacmod/MyST/myst-v0.3.0-171fbda/corpora/myst/data/022212/myst_022212_2015-01-16_11-10-31_LS_2.3/myst_022212_2015-01-16_11-10-31_LS_2.3_024.wav,it mechanically breaks down food into smaller pieces so it can go through your esophagus and go into your stomach which breaks down even further which puts it into your small intestines which absorb it and then put it into your large intestines which absorb uh the water so you don't get dehydrated and then it compacts the waste and yeah,24.654125,22212
/srv/scratch/chacmod/MyST/myst-v0.3.0-171fbda/corpora/myst/data/022212/myst_022212_2015-01-16_11-10-31_LS_2.3/myst_022212_2015-01-16_11-10-31_LS_2.3_020.wav,both have systems,2.5060625,22212
/srv/scratch/chacmod/MyST/myst-v0.3.0-171fbda/corpora/myst/data/022212/myst_022212_2015-01-16_11-10-31_LS_2.3/myst_022212_2015-01-16_11-10-31_LS_2.3_025.wav,i already told you it brings the food down to the stomach,3.869125,22212
/srv/scratch/chacmod/MyST/myst-v0.3.0-171fbda/corpora/myst/data/022212/myst_022212_2015-01-16_11-10-31_LS_2.3/myst_022212_2015-01-16_11-10-31_LS_2.3_008.wav,i see muscle cells,2.90825,22212
/srv/scratch/chacmod/MyST/myst-v0.3.0-171fbda/corpora/myst/data/022212/myst_022212_2015-01-16_11-10-31_LS_2.3/myst_022212_2015-01-16_11-10-31_LS_2.3_006.wav,i see cells of a leaf and it looks cool,7.3213125,22212
/srv/scratch/chacmod/MyST/myst-v0.3.0-171fbda/corpora/myst/data/022212/myst_022212_2015-01-16_11-10-31_LS_2.3/myst_022212_2015-01-16_11-10-31_LS_2.3_003.wav,it's yeast it's yeast,3.67125,22212
/srv/scratch/chacmod/MyST/myst-v0.3.0-171fbda/corpora/myst/data/022212/myst_022212_2015-01-16_11-10-31_LS_2.3/myst_022212_2015-01-16_11-10-31_LS_2.3_013.wav,skin cells can dry and die,5.5223125,22212
/srv/scratch/chacmod/MyST/myst-v0.3.0-171fbda/corpora/myst/data/022212/myst_022212_2015-01-16_11-10-31_LS_2.3/myst_022212_2015-01-16_11-10-31_LS_2.3_023.wav,uhm it shows the first part of the digestive first part of the digestive system which is the mouth and saliva,10.944375,22212
/srv/scratch/chacmod/MyST/myst-v0.3.0-171fbda/corpora/myst/data/022212/myst_022212_2015-01-16_11-10-31_LS_2.3/myst_022212_2015-01-16_11-10-31_LS_2.3_018.wav,i don't remember,2.219125,22212
