filepath,scripted,transcription_original,transcription_clean,spkr_id,quality_code,has_audio_file,has_speech_in_audio,usable,duration,set,mostafa_set
/srv/scratch/chacmod/OGI/speech/scripted/02/4/ksd1i/ksd1i3r0.wav,True,school,school,ksd1i,1.0,True,True,True,2.088125,finetune,
/srv/scratch/chacmod/OGI/speech/scripted/10/2/ksa2y/ksa2y160.wav,True,employees,employees,ksa2y,1.0,True,True,True,3.1151875,finetune,
/srv/scratch/chacmod/OGI/speech/scripted/09/3/ks92w/ks92w610.wav,True,he was really nice to us,he was really nice to us,ks92w,,True,True,True,3.515125,finetune,
/srv/scratch/chacmod/OGI/speech/scripted/05/2/ksg3e/ksg3e6e0.wav,True,the rain chased the dirt down the drain,the rain chased the dirt down the drain,ksg3e,1.0,True,True,True,4.22225,finetune,
/srv/scratch/chacmod/OGI/speech/scripted/07/0/ks70i/ks70i8b0.wav,True,updated,updated,ks70i,1.0,True,True,True,1.968125,finetune,
/srv/scratch/chacmod/OGI/speech/scripted/02/2/ks20n/ks20n250.wav,True,lumberyard,lumberyard,ks20n,1.0,True,True,True,3.5906875,finetune,
/srv/scratch/chacmod/OGI/speech/scripted/01/4/ksc3n/ksc3n6n0.wav,True,"i'm sorry, the dog ate your dinner",i'm sorry the dog ate your dinner,ksc3n,1.0,True,True,True,5.614375,finetune,
/srv/scratch/chacmod/OGI/speech/scripted/06/2/ks60p/ks60p5j0.wav,True,will you sing this song,will you sing this song,ks60p,,True,True,True,3.875875,finetune,
/srv/scratch/chacmod/OGI/speech/scripted/09/4/ks949/ks9498a0.wav,True,unwilling,unwilling,ks949,1.0,True,True,True,2.73975,finetune,
/srv/scratch/chacmod/OGI/speech/scripted/09/3/ksk03/ksk032l0.wav,True,nothing,nothing,ksk03,1.0,True,True,True,1.9686875,finetune,
/srv/scratch/chacmod/OGI/speech/scripted/10/0/ksa3x/ksa3x7m0.wav,True,swoop,swoop,ksa3x,1.0,True,True,True,1.6078125,finetune,
/srv/scratch/chacmod/OGI/speech/scripted/09/3/ksk0s/ksk0s5j0.wav,True,will you sing this song,will you sing this song,ksk0s,,True,True,True,3.8766875,finetune,
/srv/scratch/chacmod/OGI/speech/scripted/03/0/kse3e/kse3e3i0.wav,True,ragtime,ragtime,kse3e,1.0,True,True,True,2.6096875,finetune,
/srv/scratch/chacmod/OGI/speech/scripted/03/2/kse00/kse002a0.wav,True,microwaves,microwaves,kse00,1.0,True,True,True,3.1566875,finetune,
/srv/scratch/chacmod/OGI/speech/scripted/03/3/ks30p/ks30p300.wav,True,obstacle,obstacle,ks30p,1.0,True,True,True,2.0885625,finetune,
/srv/scratch/chacmod/OGI/speech/scripted/02/2/ksd09/ksd098n0.wav,True,withdrawn,withdrawn,ksd09,1.0,True,True,True,2.6153125,finetune,
/srv/scratch/chacmod/OGI/speech/scripted/01/3/ks12w/ks12w3f0.wav,True,points,points,ks12w,1.0,True,True,True,2.1143125,finetune,
/srv/scratch/chacmod/OGI/speech/scripted/03/3/ks333/ks333890.wav,True,unroll,unroll,ks333,1.0,True,True,True,2.313625,finetune,
/srv/scratch/chacmod/OGI/speech/scripted/08/0/ks80r/ks80r4d0.wav,True,chasing sally can be dangerous,chasing sally can be dangerous,ks80r,,True,True,True,4.5981875,finetune,
/srv/scratch/chacmod/OGI/speech/scripted/10/3/ksa3z/ksa3z600.wav,True,"because my leg is sore, i can't play",because my leg is sore i can't play,ksa3z,,True,True,True,4.9829375,finetune,
/srv/scratch/chacmod/OGI/speech/scripted/05/3/ksg08/ksg088e0.wav,True,vaulted,vaulted,ksg08,1.0,True,True,True,1.5883125,finetune,
/srv/scratch/chacmod/OGI/speech/scripted/10/0/ksa3q/ksa3q0p0.wav,True,civilized,civilized,ksa3q,1.0,True,True,True,2.7398125,finetune,
/srv/scratch/chacmod/OGI/speech/scripted/09/4/ks90z/ks90z2c0.wav,True,misjudged,misjudged,ks90z,1.0,True,True,True,3.1666875,finetune,
/srv/scratch/chacmod/OGI/speech/scripted/09/3/ks93j/ks93j3f0.wav,True,points,points,ks93j,1.0,True,True,True,1.6146875,finetune,
/srv/scratch/chacmod/OGI/speech/scripted/06/0/ksh12/ksh124j0.wav,True,fred didn't try the carrot juice,fred didn't try the carrot juice,ksh12,,True,True,True,4.5995,finetune,
/srv/scratch/chacmod/OGI/speech/scripted/08/4/ksj45/ksj451n0.wav,True,herbalist,herbalist,ksj45,1.0,True,True,True,2.3595,finetune,
/srv/scratch/chacmod/OGI/speech/scripted/02/3/ksd49/ksd491h0.wav,True,fragment,fragment,ksd49,1.0,True,True,True,3.113875,finetune,
/srv/scratch/chacmod/OGI/speech/scripted/03/0/ks33d/ks33d3v0.wav,True,the young emperor could not spell,the young emperor could not spell,ks33d,1.0,True,True,True,6.121125,finetune,
/srv/scratch/chacmod/OGI/speech/scripted/03/3/kse47/kse478t0.wav,True,yields,yields,kse47,1.0,True,True,True,2.60925,finetune,
/srv/scratch/chacmod/OGI/speech/scripted/01/0/ks135/ks1353c0.wav,True,picture,picture,ks135,1.0,True,True,True,3.61075,finetune,
/srv/scratch/chacmod/OGI/speech/scripted/08/2/ksj3r/ksj3r5j0.wav,True,will you sing this song,will you sing this song,ksj3r,,True,True,True,3.9151875,finetune,
/srv/scratch/chacmod/OGI/speech/scripted/05/3/ksg04/ksg04620.wav,True,eating blueberries gives you blue hands,eating blueberries gives you blue hands,ksg04,2.0,True,True,True,4.968875,finetune,
/srv/scratch/chacmod/OGI/speech/scripted/04/4/ks411/ks4116j0.wav,True,we gathered sticks for the fire,we gathered sticks for the fire,ks411,1.0,True,True,True,4.597875,finetune,
/srv/scratch/chacmod/OGI/speech/scripted/02/3/ksd3c/ksd3c5r0.wav,True,her veins pop out when she is mad,her veins pop out when she is mad,ksd3c,1.0,True,True,True,6.1185625,finetune,
/srv/scratch/chacmod/OGI/speech/scripted/05/3/ksg12/ksg12500.wav,True,the flood took a car down the street,the flood took a car down the street,ksg12,1.0,True,True,True,4.967,finetune,
/srv/scratch/chacmod/OGI/speech/scripted/05/1/ksg3n/ksg3n060.wav,True,average,average,ksg3n,1.0,True,True,True,2.7395625,finetune,
/srv/scratch/chacmod/OGI/speech/scripted/02/4/ksd3e/ksd3e6o0.wav,True,someone bought a beautiful ring for you,someone bought a beautiful ring for you,ksd3e,1.0,True,True,True,7.6071875,finetune,
/srv/scratch/chacmod/OGI/speech/scripted/07/2/ks735/ks7355b0.wav,True,our tent can hold six people,our tent can hold six people,ks735,,True,True,True,3.5148125,finetune,
/srv/scratch/chacmod/OGI/speech/scripted/04/3/ksf2w/ksf2w2g0.wav,True,musician,musician,ksf2w,1.0,True,True,True,2.1118125,finetune,
/srv/scratch/chacmod/OGI/speech/scripted/01/4/ksc3e/ksc3e180.wav,True,engrave,engrave,ksc3e,1.0,True,True,True,2.609375,finetune,
/srv/scratch/chacmod/OGI/speech/scripted/00/5/ksb2x/ksb2x500.wav,True,the flood took a car down the street,the flood took a car down the street,ksb2x,2.0,True,True,True,6.6158125,finetune,
/srv/scratch/chacmod/OGI/speech/scripted/05/3/ksg08/ksg085y0.wav,True,he breathed a sigh of relief,he breathed a sigh of relief,ksg08,1.0,True,True,True,4.2486875,finetune,
/srv/scratch/chacmod/OGI/speech/scripted/09/1/ks935/ks9358c0.wav,True,upward,upward,ks935,1.0,True,True,True,1.7025,finetune,
/srv/scratch/chacmod/OGI/speech/scripted/07/4/ksi3j/ksi3j410.wav,True,i don't clean windows,i don't clean windows,ksi3j,,True,True,True,4.317875,finetune,
/srv/scratch/chacmod/OGI/speech/scripted/10/3/ksl01/ksl01600.wav,True,"because my leg is sore, i can't play",because my leg is sore i can't play,ksl01,,True,True,True,5.0019375,finetune,
/srv/scratch/chacmod/OGI/speech/scripted/10/2/ksa3h/ksa3h5v0.wav,True,you can see bugs light up the sky,you can see bugs light up the sky,ksa3h,,True,True,True,5.3640625,finetune,
/srv/scratch/chacmod/OGI/speech/scripted/08/4/ks80d/ks80d040.wav,True,aspire,aspire,ks80d,,True,True,True,2.7948125,finetune,
/srv/scratch/chacmod/OGI/speech/scripted/06/3/ksh02/ksh027a0.wav,True,steakhouse,steakhouse,ksh02,1.0,True,True,True,1.9675,finetune,
/srv/scratch/chacmod/OGI/speech/scripted/06/4/ksh3w/ksh3w220.wav,True,lifeboats,lifeboats,ksh3w,4.0,True,True,True,1.98875,finetune,
/srv/scratch/chacmod/OGI/speech/scripted/10/2/ksa3u/ksa3u2a0.wav,True,microwaves,microwaves,ksa3u,4.0,True,True,True,2.3589375,finetune,
/srv/scratch/chacmod/OGI/speech/scripted/08/1/ksj0p/ksj0p530.wav,True,the bird sang a sweet melody,the bird sang a sweet melody,ksj0p,,True,True,True,4.6186875,finetune,
/srv/scratch/chacmod/OGI/speech/scripted/04/1/ksf16/ksf16570.wav,True,don't make the same mistakes twice,don't make the same mistakes twice,ksf16,1.0,True,True,True,6.5956875,finetune,
/srv/scratch/chacmod/OGI/speech/scripted/02/1/ks20z/ks20z7d0.wav,True,stooges,stooges,ks20z,2.0,True,True,True,2.6255,finetune,
/srv/scratch/chacmod/OGI/speech/scripted/06/1/ksh43/ksh431z0.wav,True,lawyer,lawyer,ksh43,1.0,True,True,True,1.988625,finetune,
/srv/scratch/chacmod/OGI/speech/scripted/09/3/ks92t/ks92t680.wav,True,i'll rent an apartment tomorrow,i'll rent an apartment tomorrow,ks92t,,True,True,True,3.879125,finetune,
/srv/scratch/chacmod/OGI/speech/scripted/08/1/ks814/ks8147d0.wav,True,stooges,stooges,ks814,1.0,True,True,True,1.9678125,finetune,
/srv/scratch/chacmod/OGI/speech/scripted/03/3/ks33q/ks33q5j0.wav,True,will you sing this song,will you sing this song,ks33q,1.0,True,True,True,5.1170625,finetune,
/srv/scratch/chacmod/OGI/speech/scripted/06/0/ks600/ks6004f0.wav,True,people like to sing in cairo,people like to sing in cairo,ks600,,True,True,True,4.2376875,finetune,
/srv/scratch/chacmod/OGI/speech/scripted/00/4/ks02v/ks02v5l0.wav,True,why is the earth inside the milky way,why is the earth inside the milky way,ks02v,1.0,True,True,True,7.1214375,finetune,
/srv/scratch/chacmod/OGI/speech/scripted/05/2/ksg2x/ksg2x8n0.wav,True,withdrawn,withdrawn,ksg2x,4.0,True,True,True,1.9884375,finetune,
/srv/scratch/chacmod/OGI/speech/scripted/05/1/ksg2y/ksg2y100.wav,True,digested,digested,ksg2y,1.0,True,True,True,1.9885625,finetune,
/srv/scratch/chacmod/OGI/speech/scripted/07/1/ks71d/ks71d500.wav,True,the flood took a car down the street,the flood took a car down the street,ks71d,,True,True,True,4.96725,finetune,
/srv/scratch/chacmod/OGI/speech/scripted/01/1/ks13j/ks13j500.wav,True,the flood took a car down the street,the flood took a car down the street,ks13j,2.0,True,True,True,6.60475,finetune,
/srv/scratch/chacmod/OGI/speech/scripted/04/4/ks40h/ks40h410.wav,True,i don't clean windows,i don't clean windows,ks40h,1.0,True,True,True,4.2390625,finetune,
/srv/scratch/chacmod/OGI/speech/scripted/03/4/ks30a/ks30a0o0.wav,True,circumstance,circumstance,ks30a,1.0,True,True,True,3.5909375,finetune,
/srv/scratch/chacmod/OGI/speech/scripted/06/2/ks637/ks6375e0.wav,True,will you please bathe,will you please bathe,ks637,,True,True,True,4.3175625,finetune,
/srv/scratch/chacmod/OGI/speech/scripted/03/2/kse0y/kse0y0h0.wav,True,bronco,bronco,kse0y,1.0,True,True,True,3.165375,finetune,
/srv/scratch/chacmod/OGI/speech/scripted/08/1/ksj0j/ksj0j3d0.wav,True,playhouse,playhouse,ksj0j,1.0,True,True,True,1.9685,finetune,
/srv/scratch/chacmod/OGI/speech/scripted/09/2/ks931/ks9318s0.wav,True,yellow,yellow,ks931,1.0,True,True,True,1.3126875,finetune,
/srv/scratch/chacmod/OGI/speech/scripted/05/4/ks501/ks501750.wav,True,southmost,southmost,ks501,1.0,True,True,True,2.3393125,finetune,
/srv/scratch/chacmod/OGI/speech/scripted/08/1/ks814/ks8144p0.wav,True,the angry chef cooked his vegetables,the angry chef cooked his vegetables,ks814,,True,True,True,4.6194375,finetune,
/srv/scratch/chacmod/OGI/speech/scripted/03/3/ks333/ks333670.wav,True,the car went too fast,the car went too fast,ks333,1.0,True,True,True,5.1193125,finetune,
/srv/scratch/chacmod/OGI/speech/scripted/04/1/ksf0r/ksf0r500.wav,True,the flood took a car down the street,the flood took a car down the street,ksf0r,2.0,True,True,True,6.6019375,finetune,
/srv/scratch/chacmod/OGI/speech/scripted/09/3/ksk3a/ksk3a7f0.wav,True,studio,studio,ksk3a,1.0,True,True,True,2.739375,finetune,
/srv/scratch/chacmod/OGI/speech/scripted/05/2/ksg0e/ksg0e8i0.wav,True,wash,wash,ksg0e,1.0,True,True,True,1.967875,finetune,
/srv/scratch/chacmod/OGI/speech/scripted/01/3/ks12v/ks12v630.wav,True,that was an odd decision,that was an odd decision,ks12v,1.0,True,True,True,4.1254375,finetune,
/srv/scratch/chacmod/OGI/speech/scripted/09/0/ks91f/ks91f5m0.wav,True,they put my computer next to the books,they put my computer next to the books,ks91f,,True,True,True,5.7135,finetune,
/srv/scratch/chacmod/OGI/speech/scripted/08/0/ksj3o/ksj3o3w0.wav,True,the illusion looked like a giraffe,the illusion looked like a giraffe,ksj3o,,True,True,True,4.6125,finetune,
/srv/scratch/chacmod/OGI/speech/scripted/03/0/ks33t/ks33t5d0.wav,True,mabel grows tomatoes in the courtyard,mabel grows tomatoes in the courtyard,ks33t,1.0,True,True,True,5.613875,finetune,
/srv/scratch/chacmod/OGI/speech/scripted/03/2/ks331/ks3315l0.wav,True,why is the earth inside the milky way,why is the earth inside the milky way,ks331,1.0,True,True,True,7.120875,finetune,
/srv/scratch/chacmod/OGI/speech/scripted/08/4/ksj45/ksj457l0.wav,True,surround,surround,ksj45,2.0,True,True,True,1.98775,finetune,
/srv/scratch/chacmod/OGI/speech/scripted/05/4/ks505/ks5058f0.wav,True,vowel,vowel,ks505,1.0,True,True,True,1.9678125,finetune,
/srv/scratch/chacmod/OGI/speech/scripted/01/2/ksc0h/ksc0h5u0.wav,True,could lizards ever talk,could lizards ever talk,ksc0h,1.0,True,True,True,5.13925,finetune,
/srv/scratch/chacmod/OGI/speech/scripted/03/1/ks31m/ks31m1p0.wav,True,hoof,hoof,ks31m,1.0,True,True,True,2.088125,finetune,
/srv/scratch/chacmod/OGI/speech/scripted/06/2/ksh3n/ksh3n2t0.wav,True,one nine seven four three five four,one nine seven four three five four,ksh3n,,True,True,True,6.11825,finetune,
/srv/scratch/chacmod/OGI/speech/scripted/07/1/ks73a/ks73a0q0.wav,True,cliffhanger,cliffhanger,ks73a,4.0,True,True,True,2.3603125,finetune,
/srv/scratch/chacmod/OGI/speech/scripted/10/2/ksa3i/ksa3i8i0.wav,True,wash,wash,ksa3i,1.0,True,True,True,1.988625,finetune,
/srv/scratch/chacmod/OGI/speech/scripted/06/1/ksh0q/ksh0q100.wav,True,digested,digested,ksh0q,1.0,True,True,True,1.9675625,finetune,
/srv/scratch/chacmod/OGI/speech/scripted/00/2/ksb3o/ksb3o4u0.wav,True,stewart has five friends in richmond,stewart has five friends in richmond,ksb3o,1.0,True,True,True,6.604875,finetune,
/srv/scratch/chacmod/OGI/speech/scripted/04/0/ksf0c/ksf0c3v0.wav,True,the young emperor could not spell,the young emperor could not spell,ksf0c,1.0,True,True,True,4.5985625,finetune,
/srv/scratch/chacmod/OGI/speech/scripted/09/3/ksk3e/ksk3e8v0.wav,True,abnormal,abnormal,ksk3e,,True,True,True,2.739375,finetune,
/srv/scratch/chacmod/OGI/speech/scripted/06/0/ksh04/ksh041t0.wav,True,iceberg,iceberg,ksh04,1.0,True,True,True,1.9679375,finetune,
/srv/scratch/chacmod/OGI/speech/scripted/08/2/ks817/ks8176y0.wav,True,slogan,slogan,ks817,1.0,True,True,True,1.5353125,finetune,
/srv/scratch/chacmod/OGI/speech/scripted/05/1/ks52w/ks52w7n0.wav,True,tab,tab,ks52w,1.0,True,True,True,4.3260000000000005,finetune,
/srv/scratch/chacmod/OGI/speech/scripted/07/2/ksi3v/ksi3v6h0.wav,True,the speaker boomed from the car,the speaker boomed from the car,ksi3v,,True,True,True,3.1135625,finetune,
/srv/scratch/chacmod/OGI/speech/scripted/09/2/ksk3d/ksk3d6e0.wav,True,the rain chased the dirt down the drain,the rain chased the dirt down the drain,ksk3d,,True,True,True,4.3069375,finetune,
/srv/scratch/chacmod/OGI/speech/scripted/10/4/ksa0s/ksa0s2m0.wav,True,novel,novel,ksa0s,4.0,True,True,True,2.3388125,finetune,
/srv/scratch/chacmod/OGI/speech/scripted/09/2/ksk0k/ksk0k0h0.wav,True,bronco,bronco,ksk0k,1.0,True,True,True,2.3386875,finetune,
/srv/scratch/chacmod/OGI/speech/scripted/10/1/ksl1f/ksl1f6x0.wav,True,six,six,ksl1f,1.0,True,True,True,1.9680625,finetune,
/srv/scratch/chacmod/OGI/speech/scripted/06/2/ksh1c/ksh1c8v0.wav,True,abnormal,abnormal,ksh1c,,True,True,True,2.718875,finetune,
/srv/scratch/chacmod/OGI/speech/scripted/01/2/ks12z/ks12z730.wav,True,soften,soften,ks12z,1.0,True,True,True,3.6111875,finetune,
/srv/scratch/chacmod/OGI/speech/scripted/07/4/ksi3i/ksi3i460.wav,True,help me unroll the new rug,help me unroll the new rug,ksi3i,,True,True,True,4.316875,finetune,
/srv/scratch/chacmod/OGI/speech/scripted/05/1/ksg3n/ksg3n2y0.wav,True,oasis,oasis,ksg3n,2.0,True,True,True,2.358625,finetune,
/srv/scratch/chacmod/OGI/speech/scripted/09/2/ksk1h/ksk1h6e0.wav,True,the rain chased the dirt down the drain,the rain chased the dirt down the drain,ksk1h,,True,True,True,4.2386875,finetune,
/srv/scratch/chacmod/OGI/speech/scripted/06/2/ks60p/ks60p7y0.wav,True,toothpaste,toothpaste,ks60p,1.0,True,True,True,2.338875,finetune,
/srv/scratch/chacmod/OGI/speech/scripted/10/0/ksa3y/ksa3y5d0.wav,True,mabel grows tomatoes in the courtyard,mabel grows tomatoes in the courtyard,ksa3y,,True,True,True,4.31725,finetune,
/srv/scratch/chacmod/OGI/speech/scripted/06/3/ksh0b/ksh0b670.wav,True,the car went too fast,the car went too fast,ksh0b,,True,True,True,3.877375,finetune,
/srv/scratch/chacmod/OGI/speech/scripted/10/3/ksa3z/ksa3z1r0.wav,True,hourly,hourly,ksa3z,1.0,True,True,True,1.98875,finetune,
/srv/scratch/chacmod/OGI/speech/scripted/02/0/ksd3h/ksd3h140.wav,True,easier,easier,ksd3h,1.0,True,True,True,2.6098125,finetune,
/srv/scratch/chacmod/OGI/speech/scripted/07/4/ksi0u/ksi0u310.wav,True,obvious,obvious,ksi0u,1.0,True,True,True,1.9679375,finetune,
/srv/scratch/chacmod/OGI/speech/scripted/03/0/ks30f/ks30f2n0.wav,True,nuclear,nuclear,ks30f,2.0,True,True,True,3.59025,finetune,
/srv/scratch/chacmod/OGI/speech/scripted/04/4/ks40h/ks40h7q0.wav,True,ten,ten,ks40h,1.0,True,True,True,1.9685625,finetune,
/srv/scratch/chacmod/OGI/speech/scripted/06/2/ks62s/ks62s8v0.wav,True,abnormal,abnormal,ks62s,,True,True,True,2.7399375,finetune,
/srv/scratch/chacmod/OGI/speech/scripted/09/4/ksk0y/ksk0y7q0.wav,True,ten,ten,ksk0y,1.0,True,True,True,1.967625,finetune,
/srv/scratch/chacmod/OGI/speech/scripted/06/3/ksh03/ksh030d0.wav,True,biology,biology,ksh03,1.0,True,True,True,3.1553125,finetune,
/srv/scratch/chacmod/OGI/speech/scripted/05/4/ks54d/ks54d430.wav,True,i think cats are cute,i think cats are cute,ks54d,1.0,True,True,True,3.4504375,finetune,
/srv/scratch/chacmod/OGI/speech/scripted/10/1/ksa0z/ksa0z4s0.wav,True,who will the soldier vote for,who will the soldier vote for,ksa0z,,True,True,True,4.5984375,finetune,
/srv/scratch/chacmod/OGI/speech/scripted/06/0/ks61g/ks61g6f0.wav,True,we watched television during dinner,we watched television during dinner,ks61g,,True,True,True,4.9700625,finetune,
/srv/scratch/chacmod/OGI/speech/scripted/09/2/ks933/ks9335f0.wav,True,put the key in the key hole,put the key in the key hole,ks933,,True,True,True,3.9053125,finetune,
/srv/scratch/chacmod/OGI/speech/scripted/02/2/ks21h/ks21h5c0.wav,True,give keith a moment to think,give keith a moment to think,ks21h,1.0,True,True,True,6.0945625,finetune,
/srv/scratch/chacmod/OGI/speech/scripted/03/2/ks337/ks3373h0.wav,True,push,push,ks337,1.0,True,True,True,3.1128125,finetune,
/srv/scratch/chacmod/OGI/speech/scripted/06/4/ks638/ks638450.wav,True,i'm good with things like that,i'm good with things like that,ks638,,True,True,True,4.316625,finetune,
/srv/scratch/chacmod/OGI/speech/scripted/10/2/ksl18/ksl18880.wav,True,unfortunate,unfortunate,ksl18,1.0,True,True,True,2.7975,finetune,
/srv/scratch/chacmod/OGI/speech/scripted/06/3/ksh3p/ksh3p630.wav,True,that was an odd decision,that was an odd decision,ksh3p,,True,True,True,3.1146875,finetune,
/srv/scratch/chacmod/OGI/speech/scripted/02/0/ksd3h/ksd3h6w0.wav,True,singer,singer,ksd3h,1.0,True,True,True,1.91175,finetune,
/srv/scratch/chacmod/OGI/speech/scripted/09/2/ks91i/ks91i6y0.wav,True,slogan,slogan,ks91i,1.0,True,True,True,1.5355625,finetune,
/srv/scratch/chacmod/OGI/speech/scripted/02/2/ksd07/ksd077t0.wav,True,thousand,thousand,ksd07,1.0,True,True,True,3.59075,finetune,
/srv/scratch/chacmod/OGI/speech/scripted/00/1/ks000/ks0006s0.wav,True,shirt,shirt,ks000,1.0,True,True,True,2.7960625,finetune,
/srv/scratch/chacmod/OGI/speech/scripted/09/4/ksk0v/ksk0v4c0.wav,True,charles will sell fifty almonds,charles will sell fifty almonds,ksk0v,,True,True,True,4.59875,finetune,
/srv/scratch/chacmod/OGI/speech/scripted/07/2/ks70c/ks70c2a0.wav,True,microwaves,microwaves,ks70c,1.0,True,True,True,2.3383125,finetune,
/srv/scratch/chacmod/OGI/speech/scripted/00/6/ks00b/ks00b300.wav,True,obstacle,obstacle,ks00b,1.0,True,True,True,2.0880625,finetune,
/srv/scratch/chacmod/OGI/speech/scripted/06/0/ks60s/ks60s4b0.wav,True,every month i eat some chocolate,every month i eat some chocolate,ks60s,,True,True,True,5.3430625,finetune,
/srv/scratch/chacmod/OGI/speech/scripted/09/0/ksk0j/ksk0j4f0.wav,True,people like to sing in cairo,people like to sing in cairo,ksk0j,,True,True,True,4.259625,finetune,
/srv/scratch/chacmod/OGI/speech/scripted/10/2/ksa42/ksa42830.wav,True,treasure,treasure,ksa42,1.0,True,True,True,1.31225,finetune,
/srv/scratch/chacmod/OGI/speech/scripted/07/4/ks734/ks734430.wav,True,i think cats are cute,i think cats are cute,ks734,,True,True,True,3.5156875,finetune,
/srv/scratch/chacmod/OGI/speech/scripted/03/4/kse42/kse420j0.wav,True,cautiously,cautiously,kse42,1.0,True,True,True,2.608625,finetune,
/srv/scratch/chacmod/OGI/speech/scripted/03/2/ks31d/ks31d5k0.wav,True,buying the ring took all of my money,buying the ring took all of my money,ks31d,1.0,True,True,True,6.592375,finetune,
/srv/scratch/chacmod/OGI/speech/scripted/06/3/ksh01/ksh01670.wav,True,the car went too fast,the car went too fast,ksh01,,True,True,True,3.8776875,finetune,
/srv/scratch/chacmod/OGI/speech/scripted/09/3/ks92t/ks92t6p0.wav,True,seven,seven,ks92t,2.0,True,True,True,1.2068125,finetune,
/srv/scratch/chacmod/OGI/speech/scripted/06/4/ks618/ks6186l0.wav,True,my sleeve caught the thorny bush,my sleeve caught the thorny bush,ks618,,True,True,True,5.343625,finetune,
/srv/scratch/chacmod/OGI/speech/scripted/00/0/ks02y/ks02y5d0.wav,True,mabel grows tomatoes in the courtyard,mabel grows tomatoes in the courtyard,ks02y,1.0,True,True,True,5.6141875,finetune,
/srv/scratch/chacmod/OGI/speech/scripted/06/0/ks60d/ks60d4v0.wav,True,that person eats pancakes,that person eats pancakes,ks60d,,True,True,True,4.9674375,finetune,
/srv/scratch/chacmod/OGI/speech/scripted/10/2/ksa3i/ksa3i8d0.wav,True,vase,vase,ksa3i,1.0,True,True,True,2.3585625,finetune,
/srv/scratch/chacmod/OGI/speech/scripted/08/3/ks80a/ks80a0s0.wav,True,cooperate,cooperate,ks80a,1.0,True,True,True,2.3385,finetune,
/srv/scratch/chacmod/OGI/speech/scripted/02/0/ks23m/ks23m230.wav,True,logic,logic,ks23m,1.0,True,True,True,2.1135625,finetune,
/srv/scratch/chacmod/OGI/speech/scripted/09/4/ksk3f/ksk3f800.wav,True,town,town,ksk3f,1.0,True,True,True,1.9875625,finetune,
/srv/scratch/chacmod/OGI/speech/scripted/02/2/ks21b/ks21b8i0.wav,True,wash,wash,ks21b,1.0,True,True,True,2.6158125,finetune,
/srv/scratch/chacmod/OGI/speech/scripted/08/4/ksj02/ksj02480.wav,True,we've just started the egg toss,we've just started the egg toss,ksj02,,True,True,True,4.5989375,finetune,
/srv/scratch/chacmod/OGI/speech/scripted/02/0/ks212/ks212190.wav,True,ethnic,ethnic,ks212,1.0,True,True,True,3.5904375,finetune,
/srv/scratch/chacmod/OGI/speech/scripted/08/4/ksj3m/ksj3m3m0.wav,True,rock,rock,ksj3m,2.0,True,True,True,2.74,finetune,
/srv/scratch/chacmod/OGI/speech/scripted/04/1/ksf38/ksf38530.wav,True,the bird sang a sweet melody,the bird sang a sweet melody,ksf38,1.0,True,True,True,4.6120625,finetune,
/srv/scratch/chacmod/OGI/speech/scripted/09/4/ks948/ks948400.wav,True,greet me with open arms,greet me with open arms,ks948,,True,True,True,3.515625,finetune,
/srv/scratch/chacmod/OGI/speech/scripted/02/4/ksd44/ksd443y0.wav,True,you didn't arrive too late,you didn't arrive too late,ksd44,1.0,True,True,True,4.6115625,finetune,
/srv/scratch/chacmod/OGI/speech/scripted/08/3/ksj12/ksj12650.wav,True,i have ice cream for you,i have ice cream for you,ksj12,,True,True,True,4.5984375,finetune,
/srv/scratch/chacmod/OGI/speech/scripted/02/3/ksd30/ksd306b0.wav,True,search in between the couch cushions,search in between the couch cushions,ksd30,1.0,True,True,True,6.6059375,finetune,
/srv/scratch/chacmod/OGI/speech/scripted/06/1/ksh0q/ksh0q4o0.wav,True,san diego is very green this year,san diego is very green this year,ksh0q,,True,True,True,6.094625,finetune,
/srv/scratch/chacmod/OGI/speech/scripted/05/0/ks52v/ks52v4e0.wav,True,jason likes playing with garfield,jason likes playing with garfield,ks52v,1.0,True,True,True,4.61275,finetune,
/srv/scratch/chacmod/OGI/speech/scripted/09/4/ks93l/ks93l0y0.wav,True,depths,depths,ks93l,1.0,True,True,True,2.7396875,finetune,
/srv/scratch/chacmod/OGI/speech/scripted/04/0/ksf0u/ksf0u1j0.wav,True,gumshoe,gumshoe,ksf0u,1.0,True,True,True,4.0918125,finetune,
/srv/scratch/chacmod/OGI/speech/scripted/07/3/ks70v/ks70v0x0.wav,True,dashboard,dashboard,ks70v,1.0,True,True,True,3.155375,finetune,
/srv/scratch/chacmod/OGI/speech/scripted/07/1/ksi3x/ksi3x4s0.wav,True,who will the soldier vote for,who will the soldier vote for,ksi3x,,True,True,True,4.6131875,finetune,
/srv/scratch/chacmod/OGI/speech/scripted/05/0/ks500/ks5004d0.wav,True,chasing sally can be dangerous,chasing sally can be dangerous,ks500,1.0,True,True,True,4.6006875,finetune,
/srv/scratch/chacmod/OGI/speech/scripted/05/1/ks50n/ks50n0q0.wav,True,cliffhanger,cliffhanger,ks50n,,True,True,True,2.3395625,finetune,
/srv/scratch/chacmod/OGI/speech/scripted/08/2/ksj3r/ksj3r7t0.wav,True,thousand,thousand,ksj3r,1.0,True,True,True,2.7393125,finetune,
/srv/scratch/chacmod/OGI/speech/scripted/01/2/ksc3y/ksc3y0c0.wav,True,bigfoot,bigfoot,ksc3y,1.0,True,True,True,3.61075,finetune,
/srv/scratch/chacmod/OGI/speech/scripted/02/0/ks23o/ks23o7w0.wav,True,thrower,thrower,ks23o,1.0,True,True,True,1.74775,finetune,
/srv/scratch/chacmod/OGI/speech/scripted/06/3/ks60v/ks60v600.wav,True,"because my leg is sore, i can't play",because my leg is sore i can't play,ks60v,,True,True,True,4.968125,finetune,
/srv/scratch/chacmod/OGI/speech/scripted/07/2/ks70z/ks70z6h0.wav,True,the speaker boomed from the car,the speaker boomed from the car,ks70z,,True,True,True,3.155,finetune,
/srv/scratch/chacmod/OGI/speech/scripted/08/2/ks83l/ks83l2f0.wav,True,mouths,mouths,ks83l,4.0,True,True,True,3.115125,finetune,
/srv/scratch/chacmod/OGI/speech/scripted/05/2/ksg3a/ksg3a5k0.wav,True,buying the ring took all of my money,buying the ring took all of my money,ksg3a,1.0,True,True,True,4.983375,finetune,
